Category,ID,Valence,a,b,c,d,e,f,g,Picturese
Snake,1019,1.31,1.96,5.77,1.83,4.23,2.08,.,.,12\
Snake,1022,1.4,2.04,6.02,1.97,3.9,2.21,.,.,12\
Snake,1026,1.45,1.91,5.61,2.23,.,.,4.43,2.39,16\
Snake,1030,1.45,2.35,5.46,2.43,4.56,2.43,.,.,1\
Snake,1033,1.46,1.94,6.13,2.15,3.73,2.16,.,.,18\
Snake,1040,1.48,2.24,6.25,2.13,3.92,2.13,.,.,1\
Snake,1050,1.49,2.15,6.87,1.68,3.08,1.93,.,.,6\
Snake,1051,1.51,1.75,5.95,1.98,3.8,2.21,.,.,12\
Snake,1052,1.51,1.87,6.52,2.23,3.36,2.26,.,.,11\
Snake,1070,1.52,2.3,6.16,2.08,3.71,2.08,.,.,1\
Snake,1080,1.56,2.08,5.69,2.28,4.33,2.28,.,.,1\
Snake,1090,1.56,1.9,5.88,2.15,3.82,2.27,.,.,2\
Snake,1101,1.56,1.85,5.83,2.25,4.13,2.3,.,.,11\
Snake,1110,1.58,1.89,5.96,2.16,3.84,2.31,.,.,2\
Snakes,1111,1.59,1.64,5.2,2.25,4.8,2.41,4.34,2.06,7\
Snake,1112,1.6,1.7,4.6,2.44,5.27,2.2,.,.,8\
Snake,1113,1.62,1.75,6.06,2.12,3.91,2.1,.,.,8\
Snake,1114,1.62,2.16,6.33,2.17,.,.,4,2.49,14\
Snake,1120,1.63,1.93,6.93,1.68,3.87,2.31,.,.,3\
Lizard,1121,1.66,1.61,4.83,1.98,5.89,1.99,.,.,11\
Lizard,1122,1.67,1.71,4.32,2.16,5.55,1.95,.,.,18\
Spider,1200,1.68,2.22,6.03,2.38,4.33,2.38,.,.,1\
Spider,1201,1.69,1.88,6.36,2.11,3.87,2.3,3.63,2.27,7\
Spider,1202,1.7,1.77,5.94,2.17,4.23,2.36,.,.,20\
Spider,1205,1.71,1.76,5.79,2.18,.,.,4.1,2.19,14\
Spider,1220,1.76,1.82,5.57,2.34,4.54,2.34,.,.,1\
Spider,1230,1.77,1.63,4.85,2.25,4.58,2.25,.,.,1\
Spider,1230,1.78,1.74,4.03,2.41,5.6,1.96,.,.,2\
Spider,1240,1.79,1.94,4.92,2.17,4.95,2.17,.,.,1\
Roach,1270,1.79,1.85,4.77,2.44,5.25,2.48,.,.,4\
Roaches,1271,1.79,1.64,5.37,2.44,4.2,2.13,.,.,19\
Roaches,1274,1.79,1.53,5.39,2.39,5.03,2.38,.,.,5\
Roaches,1275,1.8,1.65,4.81,2.22,5.11,2.23,.,.,6\
Rat,1280,1.8,1.75,4.93,2.01,5.05,2.2,.,.,4\
PitBull,1300,1.8,1.78,6.79,1.84,3.49,2.1,.,.,3\
Dog,1301,1.81,1.66,5.77,2.18,3.96,1.98,.,.,8\
Dog,1302,1.81,1.78,6,1.87,4.04,2.11,3.87,1.91,7\
Dog,1303,1.82,2.11,5.7,2.04,4.98,2.12,.,.,11\
AttackDog,1304,1.82,1.58,6.37,1.93,3.29,1.67,.,.,17\
Leopard,1310,1.83,1.62,6,1.8,4.37,1.97,.,.,3\
Frog,1313,1.83,1.47,4.39,2.03,5.91,1.91,.,.,11\
Bear,1321,1.83,1.87,6.64,1.89,3.51,2.12,.,.,12\
Parrots,1333,1.84,1.5,3.17,1.97,.,.,6.29,2.04,13\
Women,1340,1.87,1.57,4.75,2.31,6.13,1.78,.,.,11\
Pig,1350,1.88,1.96,4.37,1.76,5.6,1.74,.,.,20\
Bees,1390,1.88,1.56,5.29,1.97,4.75,1.84,.,.,3\
Ferret,1410,1.89,1.45,4.17,2.02,6.05,1.7,.,.,18\
Birds,1419,1.9,1.45,3.48,1.95,.,.,5.82,1.97,13\
Seal,1440,1.9,1.53,4.61,2.54,6.05,2.38,.,.,6\
PolarBears,1441,1.9,1.28,3.94,2.38,.,.,6.34,2.01,15\
Gannet,1450,1.91,1.62,2.83,1.87,6.75,1.87,.,.,1\
Kitten,1460,1.91,1.21,4.31,2.63,6,2,.,.,5\
Kittens,1463,1.91,1.76,4.79,2.19,6.43,1.92,.,.,8\
Dog,1500,1.92,1.88,4.12,2.5,6.97,2.5,.,.,1\
DogRace,1505,1.94,1.66,4.73,1.83,4.49,1.83,.,.,17\
Dog,1510,1.95,2.07,4.28,2.47,6.29,2.47,.,.,1\
AttackDog,1525,1.95,1.72,6.51,2.25,.,.,3.15,2.2,13\
Cat,1540,1.96,1.96,4.54,2.35,7.01,2.35,.,.,1\
Hawk,1560,1.97,2.32,5.51,2.19,5.18,2.19,.,.,1\
Horse,1590,1.98,1.64,4.74,2.13,5.54,1.88,.,.,2\
Horse,1590,1.98,1.45,4.8,2.1,5.62,1.82,.,.,3\
Pony,1595,2,1.64,4.79,2.09,5.54,1.96,.,.,19\
Horse,1600,2.02,1.56,4.05,2.37,6.75,2.37,.,.,1\
Giraffes,1601,2.03,1.51,3.92,2.07,6.24,1.86,.,.,8\
Butterfly,1602,2.04,1.64,3.43,1.96,6.41,1.82,.,.,8\
Butterfly,1603,2.04,1.48,3.37,2.2,6.57,2.09,.,.,10\
Butterfly,1604,2.06,1.41,3.3,2.17,6.69,2.11,.,.,9\
Butterfly,1605,2.06,1.56,3.43,2.02,6.02,1.77,.,.,19\
Rabbit,1610,2.06,1.34,3.08,2.19,6.77,2.19,.,.,1\
Rabbit,1610,2.06,1.34,3.98,2.4,6.52,2.1,.,.,2\
Bird,1616,2.07,1.12,3.95,1.95,5.67,1.77,.,.,11\
Mole,1617,2.09,1.68,5.34,2.41,.,.,4.62,1.87,16\
Antelope,1620,2.09,1.56,3.54,2.34,6.82,2.34,.,.,1\
Fawn,1630,2.1,1.48,4.45,2.45,6.12,1.85,.,.,20\
Coyote,1640,2.12,2.22,5.13,2.2,5.22,2.2,.,.,1\
Coyote,1640,2.14,1.88,5.18,1.93,4.91,2,.,.,2\
Wolf,1645,2.16,1.64,5.14,1.99,4.74,1.91,.,.,18\
Jaguar,1650,2.17,2.25,6.23,1.99,4.29,1.99,.,.,1\
Gorilla,1659,2.19,1.98,4.89,1.97,5.71,1.68,.,.,20\
Gorilla,1660,2.19,1.89,4.57,2.39,5.46,2.39,.,.,1\
Orangutan,1661,2.19,1.56,4.05,2.05,.,.,6,1.83,14\
Cow,1670,2.19,1.76,3.05,1.91,6.53,1.91,.,.,1\
Cow,1670,2.2,1.63,3.33,1.98,5.63,1.8,.,.,2\
Buffalo,1675,2.21,1.48,4.37,2.15,.,.,4.63,2.1,15\
Puppies,1710,2.21,1.12,5.41,2.34,6.55,1.98,.,.,3\
Lion,1720,2.21,1.56,5.32,1.82,4.63,2.28,.,.,3\
Lion,1721,2.21,1.39,4.53,2.21,5.57,2.07,.,.,10\
Jaguars,1722,2.21,2.02,5.22,2.49,6.12,2.29,.,.,12\
Tiger,1726,2.23,2.1,6.23,2.19,.,.,4,2.33,14\
Lion,1731,2.24,1.58,4.56,2.5,.,.,5.85,2.19,14\
Owl,1740,2.25,1.38,4.27,2.03,5.85,1.79,.,.,3\
Bunnies,1750,2.26,1.07,4.1,2.31,6.15,2.01,.,.,3\
Hippo,1810,2.26,1.49,4.45,2.11,4.55,1.81,.,.,5\
Monkeys,1811,2.26,1.59,5.12,2.25,6.07,1.96,5.99,1.95,7\
Elephants,1812,2.26,1.33,3.6,2.11,5.91,1.84,.,.,9\
Crocodile,1820,2.26,2.05,5.67,2.09,4.66,2.3,.,.,19\
Camels,1850,2.27,1.52,4.06,2.14,5.94,1.91,.,.,12\
Fish,1900,2.27,1.8,3.46,2.32,6.07,2.22,.,.,4\
Shrimp,1903,2.3,1.68,4.25,1.95,6.01,2.05,.,.,17\
Jellyfish,1908,2.3,1.53,4.88,2.15,4.75,1.6,.,.,17\
Grouper,1910,2.3,1.8,3.29,2.29,6.44,2.13,.,.,4\
Porpoise,1920,2.31,1.48,4.27,2.53,6.5,2.18,.,.,4\
Shark,1930,2.31,1.92,6.42,2.07,3.19,2.15,.,.,4\
Shark,1931,2.31,2.28,6.8,2.02,3.51,2.54,2.74,1.84,7\
Shark,1932,2.32,2.11,6.47,2.2,.,.,3.44,2.16,13\
HermitCrab,1935,2.32,1.44,4.29,1.95,.,.,5.5,2,14\
Turtles,1942,2.33,1.76,4.01,2.05,5.95,2.13,.,.,12\
Turtle,1945,2.33,1.68,4.42,2.03,5.57,2.07,.,.,11\
Octopus,1947,2.34,1.77,4.35,2.37,.,.,5.77,2.05,13\
Mickey,1999,2.34,1.47,4.77,2.4,6.64,1.96,.,.,8\
Adult,2000,2.35,1.83,3.32,2.07,6.65,2.07,.,.,1\
Man,2002,2.35,1.36,3.35,1.87,5.89,1.65,.,.,18\
AttractiveMan,2005,2.36,1.82,4.07,2.44,.,.,5.84,1.88,13\
Adult,2010,2.37,1.84,3.32,2.07,6.24,2.07,.,.,1\
VeiledWoman,2018,2.38,1.49,4.92,2.15,5.5,1.98,.,.,20\
AttractiveFem,2019,2.39,1.32,4.31,2.28,5.89,1.71,.,.,18\
Adult,2020,2.39,1.99,3.34,1.89,5.99,1.89,.,.,1\
Woman,2025,2.41,1.26,4.3,2.16,.,.,5.81,1.85,14\
Woman,2026,2.42,0.95,3.4,1.84,5.09,1.62,.,.,17\
Woman,2030,2.42,1.73,4.54,2.37,5.6,1.67,.,.,2\
Makeup,2032,2.43,1.24,4,2.12,6.14,1.7,.,.,20\
Cheerleaders,2034,2.44,1.63,4.93,2.21,5.79,1.86,.,.,20\
Kid,2035,2.44,1.33,3.69,2.11,6.2,1.79,.,.,18\
Woman,2036,2.45,1.28,3.24,1.88,6.1,1.79,.,.,18\
Woman,2037,2.45,1.24,3.35,2.04,.,.,6.21,1.84,15\
NeuWoman,2038,2.45,1.35,2.94,1.93,.,.,6.36,1.85,16\
Woman,2039,2.45,1.44,3.46,1.94,5.06,1.85,.,.,18\
Baby,2040,2.46,1.6,4.64,2.54,7.33,2.54,.,.,1\
Baby,2045,2.46,1.19,5.47,2.34,6.1,2.01,.,.,17\
Baby,2050,2.46,1.31,4.57,2.53,7.71,2.53,.,.,1\
Baby,2053,2.46,1.87,5.25,2.46,3.56,2,.,.,8\
ManInPool,2055.1,2.47,1.84,4.95,2.11,.,.,4.31,2.1,14\
ManInPool,2055.2,2.47,1.75,4.45,2.18,.,.,5.65,2.14,13\
Diving,2056,2.48,1.3,4.63,1.9,5.83,1.77,.,.,18\
Father,2057,2.48,1.28,4.54,2.41,6.76,1.94,.,.,10\
Baby,2058,2.48,1.26,5.09,2.48,6.67,1.96,.,.,11\
Baby,2060,2.49,1.59,3.8,2.02,5.81,1.73,.,.,18\
Baby,2070,2.49,1.46,4.51,2.74,7.14,2.1,.,.,4\
Baby,2071,2.49,1.32,5,2.34,.,.,6.61,2.02,14\
Baby,2075,2.5,1.65,5.27,2.27,6.42,1.81,.,.,20\
Babies,2080,2.5,1.47,4.7,2.59,7.08,1.96,.,.,4\
Girls,2091,2.51,1.43,4.51,2.28,6.79,2.04,6.44,1.99,7\
Clowns,2092,2.52,1.9,4.32,2.29,5.75,2.38,5.94,2.15,7\
Toddler,2095,2.52,1.18,5.25,2.34,.,.,3.7,2.28,14\
AngryFace,2100,2.54,1.99,4.53,2.57,5.05,2.57,.,.,1\
Man,2101,2.54,1.34,3.46,1.86,5.25,1.56,.,.,17\
NeuMan,2102,2.54,0.96,3.03,1.87,.,.,5.8,1.77,16\
NeuWoman,2104,2.55,1.09,3.11,1.84,.,.,5.45,1.84,15\
Male,2107,2.55,1.05,3.72,2.12,5.92,1.66,.,.,20\
AngryFace,2110,2.55,1.82,4.53,2.25,4.66,2.25,.,.,1\
PiercedFace,2115,2.56,1.7,4.98,2,4.87,2.02,.,.,19\
AngryFace,2120,2.56,1.91,5.18,2.52,4.52,2.52,.,.,1\
TongueOut,2122,2.56,1.82,4.59,1.91,5.49,1.81,.,.,19\
Woman,2130,2.57,1.33,5.02,2,5.1,2,.,.,2\
GrievingFem,2141,2.58,1.64,5,2.03,3.92,2.14,.,.,11\
Baby,2150,2.58,1.59,5,2.63,6.23,2.34,.,.,2\
Father/Child,2151,2.59,1.63,4.37,2.13,5.9,1.75,.,.,19\
Mother,2152,2.59,1.42,4.5,2.25,.,.,5.99,1.87,16\
Mother,2153,2.6,1.5,4.4,2.24,.,.,6.23,1.87,15\
Family,2154,2.61,1.13,4.48,2.31,.,.,6.38,1.9,16\
Pregnant,2155,2.62,1.97,5.43,2.09,5.81,2.08,.,.,20\
Family,2156,2.63,1.46,4.34,2.11,5.82,1.72,.,.,17\
Children,2158,2.63,1.48,5,2.2,6.08,1.62,.,.,20\
Father,2160,2.63,1.69,5.16,2.18,6.12,2.06,.,.,3\
Father,2165,2.65,1.48,4.55,2.55,6.72,1.82,.,.,9\
Mother,2170,2.67,1.42,4.08,2.48,6.49,2.26,.,.,4\
Man,2190,2.67,1.28,2.41,1.8,5.92,2.01,.,.,4\
Farmer,2191,2.67,1.62,3.61,2.14,.,.,5.8,2,14\
NeutFace,2200,2.68,1.38,3.18,2.17,5.44,2.17,.,.,1\
Hospital,2205,2.68,1.58,4.53,2.23,3.22,2.13,.,.,6\
Fingerprint,2206,2.69,1.4,3.71,2.03,4.46,2.36,.,.,10\
Bride,2208,2.7,1.68,5.68,2.34,6.21,1.74,.,.,11\
Bride,2209,2.7,1.46,5.59,2.37,6.53,1.78,.,.,11\
NeutFace,2210,2.71,1.64,3.56,2.21,5.03,2.21,.,.,1\
NeutFace,2210,2.71,0.93,3.08,1.76,5.23,1.78,.,.,2\
Man,2211,2.71,1.69,4.05,2.07,5.25,1.68,.,.,17\
NeutMan,2214,2.73,1.12,3.46,1.97,5.98,1.69,.,.,11\
NeutMan,2215,2.73,1.24,3.38,2,5.68,1.96,.,.,12\
Children,2216,2.73,1.31,5.83,2.2,6.41,1.9,.,.,11\
Class,2217,2.74,1.52,4.08,1.85,5.8,1.76,.,.,17\
MaleFace,2220,2.76,1.39,4.93,1.65,5.32,1.77,.,.,3\
Judge,2221,2.76,1.21,3.07,2.08,4.97,2.26,.,.,9\
BoysReading,2222,2.78,1.54,4.08,2.15,.,.,6.54,1.85,14\
Boys,2224,2.78,1.58,4.85,2.11,.,.,6.39,1.89,14\
SadFace,2230,2.78,1.22,4.13,1.68,4.8,1.54,.,.,3\
Butcher,2235,2.78,1.27,3.36,1.92,.,.,5.83,1.91,13\
NeutChild,2240,2.79,1.48,3.75,2.14,6.23,1.96,.,.,10\
NeutBaby,2250,2.79,2.26,4.19,2.28,6.85,2.28,.,.,1\
NeutBaby,2260,2.8,1.42,4.26,2.44,7.47,2.44,.,.,1\
NeutChild,2270,2.81,1.62,3.15,2.03,6.49,1.9,.,.,9\
Woman,2271,2.81,1.26,3.74,1.69,5.66,1.86,.,.,11\
LonelyBoy,2272,2.81,1.78,3.74,1.94,.,.,5.24,2.07,13\
Boy,2273,2.82,1.55,3.52,1.81,5.31,1.6,.,.,17\
Kids,2274,2.82,1.51,4.22,2.05,6.35,1.69,.,.,19\
Girl,2276,2.83,1.66,4.63,1.93,4.4,1.95,.,.,12\
Kids,2278,2.84,1.57,4.55,2.02,.,.,4.36,2.08,14\
Braces,2279,2.84,1.55,3.74,1.83,5.55,1.86,.,.,18\
Boy,2280,2.85,1.54,3.77,1.89,5.7,2.01,.,.,12\
Family,2299,2.85,1.53,3.95,2.22,.,.,6.18,1.93,13\
AttractiveFem,2300,2.87,1.35,5.55,2.04,5.89,1.76,.,.,17\
KidCry,2301,2.87,1.38,4.57,1.96,4.13,1.89,.,.,17\
ChildCamera,2302,2.88,1.32,3.64,1.94,6.18,1.65,.,.,19\
Children,2303,2.89,2.07,5.53,2.1,5.81,2.11,.,.,12\
Girl,2304,2.89,1.31,3.63,2.15,6.35,1.82,.,.,11\
Woman,2305,2.89,1.12,3.63,2.04,.,.,5.53,1.49,16\
Boy,2306,2.91,1.37,4.46,2.11,.,.,6.02,1.8,15\
GirlMakeup,2308,2.91,1.62,3.82,2.15,5.5,1.87,.,.,19\
GirlCow,2309,2.91,1.71,4.33,1.92,5.39,1.64,.,.,18\
Mother,2310,2.92,1.52,4.16,2.01,5.89,1.87,.,.,12\
Mother,2311,2.93,1.37,4.42,2.28,6.16,1.79,.,.,10\
Mother,2312,2.93,1.64,4.02,1.66,4.72,1.86,.,.,12\
Binoculars,2314,2.94,1.24,4,2.01,6.17,1.78,.,.,18\
Girl,2320,2.95,1.51,2.9,1.89,6.66,1.81,.,.,10\
Chef,2331,2.95,1.72,4.3,2.38,6.37,2.13,.,.,12\
Family,2332,2.95,1.6,4.3,2.29,.,.,6.37,1.91,15\
Father,2339,2.96,1.34,4.16,1.9,.,.,6.03,1.66,15\
Family,2340,2.96,1.26,4.9,2.2,6.18,1.86,.,.,3\
Children,2341,2.96,1.59,4.11,2.31,6.44,2,.,.,9\
Children,2342,2.98,1.55,4.06,2.02,5.76,1.64,.,.,17\
Children,2344,2.99,1.89,4.71,2.04,5.96,1.95,.,.,12\
Children,2345,2.99,1.72,5.42,2.47,6.51,2.07,.,.,12\
BlackEye,2345.1,3.01,1.46,5.5,2.34,3.96,2.02,.,.,17\
Kids,2346,3.04,1.53,5.28,2.28,.,.,6.14,1.9,14\
Children,2347,3.04,1.36,5.56,2.34,6.54,1.86,.,.,20\
NursingBaby,2351,3.05,2.04,4.74,2.05,5.41,1.81,.,.,8\
Kiss,2352,3.08,1.87,4.99,1.98,6.32,1.68,.,.,8\
Kiss,2352.1,3.08,1.79,5.16,2.17,6.04,1.79,.,.,11\
BloodyKiss,2352.2,3.09,1.5,6.25,2.1,3.45,1.94,.,.,12\
Man,2357,3.09,1.36,3.33,2.07,.,.,6.06,2.01,14\
Family,2358,3.1,1.7,3.73,2.04,.,.,5.83,1.95,15\
Mother/Child,2359,3.1,1.41,3.94,1.73,5.49,1.73,.,.,17\
Family,2360,3.1,1.76,3.66,2.32,6.92,2.08,.,.,4\
Girl&Dog,2362,3.1,1.34,4.6,2.09,.,.,6.01,1.72,15\
ThreeMen,2370,3.12,1.46,2.9,2.14,6.12,2.22,.,.,4\
Woman,2372,3.15,1.63,4.09,1.99,5.72,2.01,.,.,11\
Band,2373,3.15,1.32,4.5,2.08,.,.,5.95,1.58,16\
Woman,2374,3.16,1.27,3.86,2.18,6.21,1.68,.,.,17\
Woman,2375.1,3.16,1.31,4.88,2.21,.,.,3.75,2.28,14\
AttractiveFem,2375.2,3.16,1.54,4.3,2.29,.,.,5.75,2,13\
Reading,2377,3.16,1.31,3.5,1.95,5.68,1.88,.,.,19\
Girl,2381,3.17,1.22,3.04,1.97,6.28,1.92,.,.,9\
Artist,2382,3.17,1.19,3.75,1.97,5.97,1.57,.,.,19\
Secretary,2383,3.17,1.36,3.41,1.83,5.75,1.89,.,.,12\
Fisherman,2384,3.19,1.47,3.41,2.04,6.32,1.56,.,.,20\
Girl,2385,3.19,1.32,3.64,1.81,5.86,1.73,.,.,11\
Kids,2387,3.19,1.58,3.97,2.18,.,.,6.33,2.1,13\
Kids,2388,3.19,1.44,3.77,2.21,.,.,6.62,1.92,13\
Teens,2389,3.19,1.69,5.63,2,5.9,1.99,.,.,12\
Couple,2390,3.2,1.18,3.57,1.92,5.89,1.75,.,.,19\
Boy,2391,3.2,1.77,4.63,2.43,6.11,2.01,.,.,6\
ManW/Fish,2392,3.2,1.49,3.85,1.97,6.03,1.81,.,.,19\
Factoryworker,2393,3.2,1.06,2.93,1.88,.,.,5.83,2.06,13\
Medicalworker,2394,3.21,1.74,3.89,2.26,.,.,5.77,2.29,13\
Family,2395,3.22,1.69,4.19,2.4,.,.,6.31,2.09,13\
Couple,2396,3.23,1.05,3.34,1.83,.,.,5.59,1.59,16\
Men,2397,3.25,1.11,2.77,1.74,.,.,5.64,1.92,15\
Boat,2398,3.26,1.32,4.74,2.11,.,.,6.18,1.89,16\
Woman,2399,3.28,1.4,3.93,2.01,.,.,4.85,2.15,14\
Woman,2400,3.28,1.34,4.2,2.1,5.02,1.86,.,.,20\
Boy,2410,3.3,1.72,4.13,2.29,5,2.29,.,.,5\
Girl,2411,3.32,0.85,2.86,1.84,6.15,1.87,.,.,18\
Mom/Son,2435,3.32,1.27,3.94,1.93,.,.,5.93,1.92,14\
NeutGirl,2440,3.33,1.03,2.63,1.7,5.97,1.89,.,.,10\
NeutralGirl,2441,3.34,1.28,3.62,1.96,.,.,5.57,1.97,13\
DryingHair,2442,3.34,1.4,4.04,1.89,.,.,6,1.8,14\
Feet,2445,3.34,1.39,3.83,1.91,.,.,5.68,1.67,16\
Boots,2446,3.34,1.04,3.79,1.88,.,.,5.51,1.91,15\
SadGirls,2455,3.34,1.79,4.46,2.12,.,.,4.11,2.22,13\
CryingFamily,2456,3.34,1.27,4.55,2.16,4.15,1.9,.,.,18\
CryingBoy,2457,3.35,1.51,4.94,2.01,5.02,2.14,.,.,19\
CryingBaby,2458,3.36,1.88,5.28,1.88,5.06,1.84,.,.,20\
ElderlyMan,2480,3.36,1.64,2.66,1.78,5.33,2.09,.,.,9\
Amerindian,2484,3.37,1.35,3.75,1.9,5.45,1.55,.,.,18\
Man,2485,3.38,1.36,3.74,1.84,6.12,1.66,.,.,11\
Musician,2487,3.38,1.8,4.05,1.92,5.81,2.09,.,.,12\
Musician,2488,3.39,1.14,3.91,1.87,5.4,1.58,.,.,17\
Musician,2489,3.41,1.44,3.8,1.93,5.67,1.78,.,.,19\
Man,2490,3.42,1.82,3.95,2,4.72,2.03,.,.,5\
SickMan,2491,3.43,1.29,3.41,1.73,.,.,4.97,1.98,13\
NeutralMale,2493,3.46,1.27,3.34,2.1,.,.,5.47,2.05,13\
Man,2495,3.46,1.1,3.19,1.76,5.77,1.93,.,.,11\
NeutralMale,2499,3.46,1.43,3.08,1.73,.,.,5.74,1.91,13\
Man,2500,3.47,1.54,3.61,1.91,5.57,1.57,.,.,2\
Couple,2501,3.47,1.78,3.09,2.21,5.63,2.1,.,.,6\
Woman,2506,3.47,1.23,3.5,1.94,.,.,5.8,1.82,15\
ElderlyWoman,2510,3.47,1.91,4,2.1,5.46,2.08,.,.,2\
Woman,2511,3.49,1.62,3.41,1.96,5.81,1.69,.,.,19\
Man,2512,3.49,0.84,3.46,1.75,.,.,5.47,1.53,16\
Woman,2513,3.5,1.29,3.29,1.67,.,.,5.92,1.71,15\
Woman,2514,3.51,1.09,3.5,1.81,5.85,1.83,.,.,11\
Harvest,2515,3.51,1.54,3.8,2.12,6.52,1.73,.,.,11\
ElderlyWoman,2516,3.51,1.43,3.5,1.88,5.54,2.04,.,.,12\
Quilting,2518,3.52,1.66,3.31,1.88,5.8,1.95,.,.,11\
ElderlyMan,2520,3.52,1.9,4.22,1.69,4.44,2.33,.,.,3\
ManW/Dog,2521,3.53,1.52,4.1,1.85,5.43,1.73,.,.,20\
Women,2525,3.54,1.93,3.93,2.16,5.32,2.33,.,.,19\
Couple,2530,3.55,1.55,3.99,2.11,5.99,1.9,.,.,3\
Mother,2540,3.55,1.51,3.97,2.33,5.96,2.22,.,.,3\
Couple,2550,3.55,1.43,4.68,2.43,6.22,1.94,.,.,5\
Picnic,2560,3.56,1.53,3.49,2.07,6.06,1.85,.,.,10\
Man,2570,3.57,1.24,2.76,1.92,5.72,1.91,.,.,10\
Propeller,2575,3.59,1.15,4.16,2.1,6.11,1.79,.,.,11\
Bakers,2579,3.6,1.35,3.85,2,.,.,5.86,1.82,14\
Chess,2580,3.6,1.41,2.79,1.78,5.88,1.89,.,.,9\
ElderlyWoman,2590,3.62,1.92,3.93,1.94,4.31,2.14,.,.,5\
Men,2593,3.62,1.34,3.42,1.84,.,.,5.91,1.69,16\
City,2594,3.63,1.31,3.84,1.98,.,.,5.78,1.85,15\
Women,2595,3.65,1.24,3.71,1.88,.,.,5.64,1.93,14\
Market,2597,3.65,1.26,4.09,2.1,.,.,5.18,1.83,16\
Family,2598,3.65,1.3,3.73,1.84,.,.,6.07,1.79,15\
Beer,2600,3.65,1.85,4.16,1.74,5.84,1.63,.,.,3\
Dance,2605,3.66,1.45,5.03,2.16,.,.,5.91,1.86,16\
Dance,2606,3.67,1.58,4.78,2.21,.,.,6.12,1.79,15\
Dancer,2616,3.67,1.77,4.96,2.05,5.58,1.79,.,.,12\
Woman,2620,3.68,1.63,2.72,2.16,6.11,2.21,.,.,4\
Male,2630,3.69,1.92,3.92,2.53,5.97,2.22,.,.,4\
Cowboy,2635,3.69,1.65,4.42,1.98,.,.,5.34,1.93,14\
Boy,2650,3.69,1.67,4.28,2.41,5.74,1.86,.,.,6\
Child,2655,3.69,2.09,4.57,2.19,6.14,2.33,.,.,12\
Baby,2660,3.69,1.48,4.44,2.41,6.44,2.24,.,.,5\
Baby,2661,3.7,2.49,5.76,2.13,4.48,2.37,4.3,2.09,7\
Police,2681,3.7,1.6,4.97,2.26,3.84,2.4,.,.,10\
Police,2682,3.7,1.65,4.48,2.1,4.02,2.32,.,.,9\
War,2683,3.7,1.78,6.21,2.15,.,.,3.43,2.4,13\
Hunters,2688,3.71,2.07,5.98,2.22,.,.,3.99,2.42,14\
Terrorist,2690,3.71,1.43,4.02,2.07,4.91,2.18,.,.,4\
Riot,2691,3.71,1.73,5.85,2.03,4.39,2.53,4.07,2.02,7\
Bomb,2692,3.72,1.61,5.35,2.19,3.87,2.39,.,.,10\
Police,2694,3.72,1.72,5.05,2.16,.,.,4.68,2.43,13\
Refugees,2695,3.73,1.58,4.47,1.92,.,.,4.43,2.15,13\
Woman,2700,3.75,1.56,4.77,1.97,4.44,2.04,.,.,4\
BingeEating,2702,3.76,1.61,3.92,2.34,5.7,2.3,.,.,9\
SadChildren,2703,3.76,1.26,5.78,2.25,.,.,3.15,1.95,16\
Soldiers,2704,3.77,1.89,5.3,2.16,.,.,4.86,1.96,15\
DrugAddict,2710,3.78,1.69,5.46,2.29,4.63,2.56,.,.,4\
Smoking,2715,3.78,1.95,4.35,2.27,.,.,5.17,2.54,13\
Pipe,2716,3.79,1.79,4.97,2.24,.,.,4.7,2.29,16\
DrugAddict,2717,3.79,1.32,5.7,2.16,.,.,3.91,2.39,16\
DrugAddict,2718,3.79,1.58,4.46,2.03,.,.,5.21,2.21,15\
Urinating,2720,3.79,1.59,3.43,1.91,5.92,2.28,.,.,4\
Jail,2722,3.8,1.65,3.52,2.05,5.34,2.34,.,.,9\
NativeBoy,2730,3.8,2.25,6.8,2.21,3.94,2.55,.,.,4\
Shopping,2745.1,3.81,1.08,3.26,1.96,.,.,6.29,1.96,14\
Shoplifter,2745.2,3.81,2,5.17,2.14,.,.,5.44,2.12,13\
Smoking,2749,3.83,1.39,3.76,2.03,5.35,1.94,.,.,12\
Bum,2750,3.83,1.32,4.31,1.81,4.48,2.16,.,.,6\
DrunkDriving,2751,3.84,1.87,5.18,2.39,4.01,2.33,.,.,9\
Alcoholic,2752,3.85,1.84,4.3,1.94,4.84,2.15,.,.,10\
Alcoholic,2753,3.85,1.75,4.29,2.22,4.48,2.38,.,.,10\
Mask,2770,3.85,1.69,5.11,2.05,.,.,4.82,1.95,15\
Actor,2780,3.85,1.76,4.86,2.05,.,.,5.15,2,13\
Balloons,2791,3.86,1.7,3.83,2.09,6.25,1.74,.,.,8\
Boy,2795,3.87,1.77,4.7,2,.,.,4.83,2.04,14\
Funeral,2799,3.87,1.41,5.02,1.99,.,.,3.56,2.06,15\
SadChild,2800,3.89,1.14,5.49,2.11,3.4,2.32,.,.,4\
Boy,2810,3.9,1.65,4.47,1.92,5.69,2.29,.,.,4\
Gun,2811,3.9,1.38,6.9,2.22,.,.,2.55,2.21,15\
Woman,2830,3.91,1.6,3.64,2.23,5.33,2.15,.,.,9\
Chess,2840,3.92,1.52,2.43,1.82,5.56,1.93,.,.,6\
Tourist,2850,3.92,1.39,3,1.94,5.87,1.97,.,.,10\
Teenager,2870,3.94,1.41,3.01,1.72,6.17,2.09,.,.,9\
Shadow,2880,3.95,1.44,2.96,1.94,6.01,2.05,.,.,9\
Twins,2890,3.95,1.09,2.95,1.87,5.99,1.93,.,.,9\
CryingBoy,2900,3.96,1.42,5.09,2.15,3.64,1.7,.,.,5\
CryingBoy,2900.1,3.99,1.41,4.61,2.07,4.83,2.26,.,.,11\
SmilingGirl,2900.2,4,1.97,4.52,1.92,5.73,1.95,.,.,12\
FoodBasket,2980,4,1.5,3.09,1.91,.,.,6.3,2.06,13\
DeerHead,2981,4.01,1.94,5.97,2.12,.,.,4.16,2.4,14\
Mutilation,3000,4.01,1.2,7.26,2.1,2.99,2.1,.,.,1\
Mutilation,3000,4.01,1.35,7.34,2.27,2.73,2.17,.,.,4\
HeadlessBody,3001,4.02,1.14,6.64,2.54,2.66,2,.,.,18\
OpenGrave,3005.1,4.03,1.19,6.2,2.54,.,.,2.77,2.24,14\
Gold,3005.2,4.03,1.9,4.84,2.18,.,.,5.97,1.97,13\
Mutilation,3010,4.04,1.19,7.16,2.24,2.88,2.41,.,.,2\
Mutilation,3010,4.04,1.28,7.26,1.86,2.88,2.14,.,.,3\
Accident,3015,4.05,0.95,5.9,2.82,2.84,2.13,.,.,11\
Mutilation,3016,4.06,1.31,5.82,2.44,.,.,3.07,2.09,16\
Mutilation,3017,4.06,1.35,5.34,2.39,.,.,3.65,2.03,15\
Organs,3019,4.07,1.74,6.3,2.14,4.25,2.29,.,.,19\
Scream,3022,4.07,1.91,5.88,2.08,3.84,2.05,.,.,12\
Mutilation,3030,4.07,1.56,6.76,2.1,3.69,2.1,.,.,1\
Mutilation,3051,4.08,1.86,5.62,2.45,3.92,2.28,.,.,8\
BurnVictim,3053,4.09,0.97,6.91,2.57,2.33,1.94,2.17,1.59,7\
Mutilation,3059,4.09,1.24,6.48,2.32,2.88,2.1,.,.,20\
Mutilation,3060,4.09,1.56,7.12,2.09,2.97,2.11,.,.,5\
Mutilation,3061,4.1,1.61,5.28,2.6,3.82,2.23,.,.,9\
Mutilation,3062,4.13,1.31,5.78,2.57,3.73,2.5,.,.,9\
Mutilation,3063,4.13,0.96,6.35,2.6,2.7,2.02,.,.,10\
Mutilation,3064,4.14,0.97,6.41,2.62,2.63,2.04,.,.,10\
Mutilation,3068,4.14,1.56,6.77,2.49,.,.,2.51,2.22,13\
Mutilation,3069,4.14,1.41,7.03,2.41,.,.,2.62,2.3,13\
Mutilation,3071,4.15,1.39,6.86,2.05,3.28,2.15,.,.,6\
Mutilation,3080,4.18,0.95,7.22,1.97,2.85,2.1,.,.,6\
BurnVictim,3100,4.18,1.07,6.49,2.23,3,2.16,.,.,2\
BurntFace,3101,4.2,1.19,5.6,2.46,.,.,3.48,2.11,14\
BurnVictim,3102,4.2,1.14,6.58,2.69,2.18,1.9,2.42,1.56,7\
Injury,3103,4.21,1.27,6.06,2.3,3.37,2,.,.,18\
BurnVictim,3110,4.21,1.3,6.7,2.16,3.04,1.97,.,.,6\
DeadBody,3120,4.22,1.09,6.84,2.36,3.32,2.36,.,.,1\
Mutilation,3130,4.22,1.24,6.97,2.07,3.46,2.07,.,.,1\
Mutilation,3131,4.23,0.97,6.61,2.34,2.73,1.93,.,.,17\
DeadBody,3140,4.23,1.17,6.36,1.97,3.2,2.17,.,.,2\
Mutilation,3150,4.23,1.57,6.55,2.2,3.39,2.15,.,.,2\
EyeDisease,3160,4.24,1.23,5.35,1.79,4.08,1.88,.,.,3\
Mutilation,3168,4.25,1.06,6,2.46,3.24,2.31,.,.,11\
BabyTumor,3170,4.25,1.01,7.21,1.99,2.7,1.89,.,.,3\
BatteredFem,3180,4.26,1.13,5.77,2.21,4.05,2.42,.,.,4\
BatteredFem,3181,4.3,1.43,5.06,2.11,4.31,2.32,.,.,11\
Stitches,3185,4.3,1.52,5.48,2.18,4.24,1.96,.,.,18\
Scar,3190,4.31,1.67,5.01,1.95,4.53,2.05,.,.,4\
BatteredFem,3191,4.32,1.22,5.95,2.17,.,.,3.19,2.08,15\
Stitches,3195,4.37,1.23,6.36,2.25,3.55,2.15,.,.,20\
Surgery,3210,4.37,1.91,5.39,1.91,4.3,2.18,.,.,2\
Surgery,3211,4.37,1.91,5.72,1.94,4.4,2.26,.,.,17\
Surgery,3212,4.38,1.67,6.57,1.99,4.07,2.25,.,.,19\
Surgery,3213,4.38,1.94,6.82,2,3.92,2.44,.,.,20\
BurnVictim,3215,4.38,1.32,5.44,2.16,.,.,3.89,1.92,16\
MedicalAssist,3216,4.38,1.64,5.37,2,.,.,4.31,2.04,15\
Hospital,3220,4.39,1.29,5.52,1.86,3.53,1.75,.,.,3\
Mutilation,3225,4.39,1.22,5.95,2.46,.,.,3.08,2.15,15\
DyingMan,3230,4.39,1.3,5.41,2.21,2.93,2.18,.,.,3\
OpenChest,3250,4.42,1.72,6.29,1.63,4.45,1.99,.,.,3\
Tumor,3261,4.43,1.34,5.75,2.64,3.57,2.38,.,.,9\
Injury,3266,4.45,0.98,6.79,2.09,2.83,2.04,.,.,12\
DentalExam,3280,4.45,1.89,5.39,2.38,4.06,1.99,.,.,5\
DisabledChild,3300,4.47,1.56,4.55,2.06,4.64,1.97,.,.,6\
InjuredChild,3301,4.48,1.28,5.21,2.26,3.71,2.13,.,.,11\
SickBaby,3302,4.49,2.48,5.7,2.27,.,.,4.67,2.28,16\
Incubator,3310,4.49,2.54,5.43,2,4.32,2.17,.,.,19\
Infant,3350,4.49,1.67,5.72,2.23,3.38,2.36,.,.,5\
Fetus,3360,4.5,2.09,5.39,2.12,4.18,2.03,.,.,17\
SeveredHand,3400,4.5,1.9,6.91,2.22,3.65,2.21,.,.,5\
Attack,3500,4.5,1.34,6.99,2.19,2.4,1.88,.,.,5\
Attack,3530,4.51,1.32,6.82,2.09,2.81,1.97,.,.,6\
Injury,3550,4.52,1.6,5.92,2.13,3.64,1.87,.,.,6\
PlaneCrash,3550.1,4.52,1.39,6.29,1.96,3.47,2.1,.,.,12\
Coach,3550.2,4.53,1.62,5.13,2.24,5.38,2.02,.,.,11\
Artist,4000,4.53,1.66,3.97,2.15,5.35,1.96,.,.,10\
EroticFemale,4001,4.53,2.45,5.24,2.49,5.74,2.4,5.46,2.02,7\
EroticFemale,4002,4.54,2.43,5.32,2.69,5.47,2.33,5.73,2.21,7\
EroticFemale,4003,4.55,2.05,5.09,2.07,5.59,2.24,.,.,8\
EroticFemale,4004,4.55,1.85,4.44,2.14,5.75,2.13,5.45,1.97,7\
EroticFemale,4005,4.56,2.08,5.02,2,5.39,2.11,.,.,8\
EroticFemale,4006,4.59,1.7,5.27,2.27,.,.,5.54,1.97,15\
AttractiveFem,4007,4.6,1.78,5.63,2.26,5.57,1.95,.,.,17\
EroticFemale,4008,4.61,2.24,5.66,2.32,5.34,2.07,.,.,19\
AttractiveFem,4071,4.62,1.82,5.14,2.39,5.31,2.05,.,.,20\
EroticFemale,4085,4.63,2.37,5.77,2.52,5.43,2.2,.,.,18\
Bikini,4090,4.63,1.79,5.39,2.31,5.37,1.97,.,.,17\
MaleDancers,4100,4.63,1.66,4.39,1.75,5.93,1.71,.,.,3\
EroticFemales,4130,4.63,2.17,5.15,2.29,5.57,1.93,.,.,18\
EroticFemale,4141,4.63,2.46,5.25,2.48,.,.,5.39,2.44,14\
EroticFemale,4142,4.63,2.82,5.6,2.61,.,.,4.95,2.53,13\
AttractiveFem,4150,4.64,1.86,4.86,2.55,5.45,1.81,.,.,5\
EroticFemale,4180,4.67,2.57,5.54,2.89,5.44,2.89,.,.,1\
EroticFemale,4210,4.68,2.97,6.08,2.81,5.54,2.81,.,.,1\
EroticFemale,4220,4.69,1.93,7.17,2.69,5.33,2.12,.,.,2\
EroticFemale,4220,4.69,1.72,5.18,2.33,5.9,1.63,.,.,3\
EroticFemale,4225,4.69,1.82,5.39,2.38,.,.,5.49,1.94,15\
Prostitute,4230,4.69,2.34,4.7,2.21,5.38,2.42,.,.,4\
EroticFemale,4232,4.7,2.53,6.28,2.31,5.69,2.52,.,.,8\
Prostitute,4233,4.7,1.86,3.96,2.15,5.61,2.13,.,.,9\
EroticFemale,4235,4.71,2.5,5.29,2.75,4.99,2.65,.,.,10\
EroticFemale,4240,4.71,2.44,4.88,2.75,5.44,2.6,.,.,9\
AttractiveFem,4250,4.72,2.05,5.16,2.76,5.57,1.96,.,.,6\
EroticFemale,4255,4.72,1.92,5.11,2.64,.,.,5.59,2.21,13\
AttractiveFem,4274,4.73,1.83,4.18,2.39,5.47,2.06,.,.,10\
AttractiveFem,4275,4.73,2.01,4.41,2.45,5.67,2.44,.,.,9\
EroticFemale,4279,4.75,2.04,4.38,2.61,5.69,2.42,.,.,9\
EroticFemale,4290,4.76,2.56,7.2,2.63,5,2.36,.,.,2\
EroticFemale,4300,4.76,2.36,5.99,2.34,5.55,2.1,.,.,3\
EroticFemale,4302,4.77,2.64,5.68,2.69,4.95,2.38,.,.,10\
EroticFemale,4310,4.77,1.94,5.42,2.24,5.77,1.82,.,.,3\
EroticFemale,4311,4.77,1.76,6.67,2.19,.,.,5.69,2.25,16\
EroticFemale,4320,4.77,2.12,5.11,2.34,5.24,2.1,.,.,5\
AttractiveFem,4325,4.77,1.65,5.18,2.19,5.58,1.78,.,.,17\
EroticMale,4460,4.77,1.61,4.94,2.09,5.34,1.79,.,.,3\
EroticMale,4470,4.78,1.63,4.81,2.31,5.45,1.61,.,.,3\
EroticMale,4490,4.78,1.95,6.06,2.42,5.03,1.91,.,.,2\
AttractiveMan,4500,4.79,2.12,3.68,2.42,5.72,2.42,.,.,1\
EroticMale,4503,4.79,1.52,4.93,2.35,.,.,5.55,2.31,14\
AttractiveMale,4505,4.81,1.89,5.52,2.26,5.76,1.86,.,.,20\
AttractiveMan,4510,4.81,2.5,3.89,2.86,5.76,2.86,.,.,1\
EroticMale,4520,4.81,1.64,5.48,2.27,5.48,1.58,.,.,2\
EroticMale,4520,4.81,1.54,4.8,2.25,5.73,1.44,.,.,3\
AttractiveMale,4525,4.82,1.91,5.17,2.63,5.63,1.8,.,.,19\
EroticMale,4530,4.82,1.82,5.31,2.4,5.19,2.07,.,.,2\
EroticMale,4531,4.82,1.94,4.28,2.76,5.87,1.96,.,.,8\
AttractiveMan,4532,4.82,1.78,4.15,2.44,6.16,1.84,.,.,8\
AttractiveMan,4533,4.82,2.24,5.01,2.47,5.91,1.95,.,.,8\
MaleDancer,4534,4.82,1.68,4.16,2.37,6.08,1.93,5.66,2.16,7\
Weightlifter,4535,4.82,1.7,4.95,2.32,6.2,2.08,6.31,1.91,7\
AttractiveMan,4536,4.83,1.49,3.95,2.3,6.09,2.02,.,.,9\
AttractiveMan,4537,4.84,1.78,4.49,2.44,.,.,5.71,1.9,13\
EroticMale,4538,4.84,2.03,4.65,2.63,.,.,5.54,2.06,14\
BeachBoys,4542,4.85,1.92,5.08,2.41,.,.,5.66,1.84,16\
EroticMale,4550,4.85,2.31,5,2.66,5.5,2.35,.,.,9\
EroticMale,4559,4.86,1.8,4.83,2.29,.,.,5.62,1.8,15\
EroticMale,4561,4.86,2.28,4.35,2.67,5.16,1.94,.,.,10\
AttractiveMan,4571,4.86,1.52,3.54,2.31,6.13,1.83,.,.,10\
AttractiveMan,4572,4.86,2.06,4.8,2.57,5.94,2.34,.,.,9\
AttractiveMale,4573,4.87,1.6,3.96,1.94,5.54,1.69,.,.,17\
AttractiveMan,4574,4.87,1.62,4.25,2.29,.,.,5.7,1.68,16\
AttractiveMale,4575,4.88,1.96,4.82,2.43,5.66,1.81,.,.,18\
Romance,4597,4.88,1.65,5.91,1.86,5.64,1.81,.,.,20\
Couple,4598,4.88,2.76,5.53,2.39,5.23,2.2,.,.,10\
Romance,4599,4.88,1.48,5.69,1.94,6.49,1.79,.,.,8\
Romance,4600,4.89,1.75,4.83,2.1,5.33,1.77,.,.,17\
Romance,4601,4.9,1.22,5.08,2.01,6.37,1.72,.,.,8\
Romance,4603,4.9,1.58,4.89,2.26,6.2,2.04,6.29,1.79,7\
EroticCouple,4604,4.91,1.76,6.09,1.87,5.21,1.92,.,.,18\
Couple,4605,4.91,1.52,3.84,2.12,5.83,2.09,.,.,10\
Romance,4606,4.91,1.62,5.11,2.15,6.09,1.74,.,.,8\
EroticCouple,4607,4.92,1.84,6.34,2.16,6.14,2.2,6,2.08,7\
EroticCouple,4608,4.92,1.66,6.47,1.96,6.25,1.87,5.79,2.16,7\
Couple,4609,4.93,1.67,5.54,2.05,6,1.79,6.05,1.92,7\
Romance,4610,4.93,1.74,5.1,2.29,5.54,1.95,.,.,2\
EroticCouple,4611,4.93,1.82,6.04,2.11,5.99,1.97,.,.,8\
Couple,4612,4.94,1.67,5.06,1.98,5.3,1.84,.,.,17\
Condom,4613,4.94,1.77,4.66,2.2,6.16,2.08,.,.,10\
Romance,4614,4.95,1.44,4.67,2.47,6.62,1.84,.,.,9\
Romance,4616,4.95,1.52,4.43,2.07,5.66,1.75,.,.,19\
EroticFemale,4617,4.95,1.57,5.19,2.1,6.13,1.63,.,.,11\
Romance,4619,4.95,1.61,5.09,1.97,5.62,1.84,.,.,18\
Harassment,4621,4.95,1.59,4.92,2.24,4.37,2.41,.,.,9\
Romance,4622,4.96,1.61,4.11,2.3,.,.,6.46,2.05,13\
Romance,4623,4.97,1.8,5.44,2.23,.,.,6.04,2.02,13\
Couple,4624,4.97,1.6,5.02,2.05,.,.,5.87,1.95,14\
Couple,4625,4.97,1.71,5.05,2.02,.,.,5.88,1.82,14\
Wedding,4626,4.97,1.66,5.78,2.42,.,.,6.14,2.08,14\
Wedding,4628,4.98,1.72,5.19,2.11,5.57,1.92,.,.,19\
BikerCouple,4631,4.98,1.86,5.19,2.04,4.87,1.61,.,.,6\
Prostitute,4635,4.98,1.85,4.23,2.35,4.7,2.21,.,.,10\
Romance,4640,4.98,1.97,5.52,2.28,6.03,1.86,.,.,5\
Romance,4641,4.99,1.59,5.43,2.1,6.01,1.88,6.24,1.96,7\
EroticCouple,4643,4.99,1.54,6.01,2,.,.,5.64,2.1,16\
EroticCouple,4645,4.99,1.59,5.69,2.16,.,.,6.09,1.98,16\
EroticCouple,4647,4.99,1.95,6.21,2.26,.,.,5.52,2.17,15\
EroticCouple,4649,4.99,2.01,5.99,2.25,.,.,5.13,1.98,16\
EroticCouple,4650,5,1.54,5.67,2.14,5.56,1.99,.,.,2\
EroticCouple,4651,5,2.18,6.34,2.05,5.8,2.15,.,.,8\
EroticCouple,4652,5,2.02,6.62,2.04,6.1,2.22,.,.,8\
EroticCouple,4653,5,1.65,5.83,2.07,6.07,1.93,.,.,8\
EroticCouple,4656,5.01,1.94,6.41,2.19,6.1,2.05,.,.,11\
EroticCouple,4658,5.01,1.89,6.47,2.14,5.86,2.35,.,.,9\
EroticCouple,4659,5.02,1.99,6.93,2.07,5.67,2.52,5.96,2.08,7\
EroticCouple,4660,5.02,1.36,6.58,1.88,5.96,1.64,.,.,3\
EroticCouple,4664,5.03,2.23,6.72,2.08,5.96,2.19,5.24,2.41,7\
EroticCouple,4664.1,5.04,2.61,6.63,1.87,5.23,2.37,.,.,12\
Attack,4664.2,5.04,1.77,6.13,2.29,3.33,2.4,.,.,11\
EroticCouple,4666,5.05,1.78,6.1,2.2,5.55,2.1,.,.,11\
EroticCouple,4668,5.06,1.69,7.13,1.62,5.73,2.34,.,.,20\
EroticCouple,4669,5.07,2.13,6.11,2.42,5.34,2.21,.,.,10\
EroticCouple,4670,5.07,1.73,6.74,2.03,5.85,2.47,.,.,9\
EroticCouple,4672,5.07,2.04,6.29,2.37,5.38,2.28,.,.,10\
EroticCouple,4676,5.07,1.67,6.07,2.22,.,.,5.95,2.09,13\
EroticCouple,4677,5.07,1.65,6.19,2.08,.,.,5.76,1.98,14\
EroticCouple,4680,5.07,1.83,6.02,2.27,6.27,2.29,.,.,4\
EroticCouple,4681,5.08,1.82,6.68,1.7,5.5,2.11,.,.,12\
EroticCouple,4683,5.09,2.07,6.62,1.79,5.39,2.04,.,.,12\
EroticCouple,4687,5.09,1.51,6.51,2.1,6.04,1.96,.,.,11\
EroticCouple,4689,5.12,1.55,6.21,1.74,5.6,2.01,.,.,12\
EroticCouple,4690,5.14,1.94,6.06,2.21,6.12,2.18,.,.,4\
EroticCouple,4692,5.14,2.14,6.39,2.19,5.15,2.38,.,.,19\
EroticCouple,4693,5.15,1.91,6.57,1.9,5.46,2.02,.,.,19\
EroticCouple,4694,5.15,1.7,6.42,2.08,.,.,5.85,2.09,15\
EroticCouple,4695,5.15,1.53,6.61,1.88,.,.,5.95,2.05,16\
EroticCouple,4697,5.15,1.76,6.62,1.69,5.21,1.83,.,.,17\
EroticCouple,4698,5.15,1.67,6.72,1.72,5.7,2.1,.,.,20\
Couple,4700,5.15,1.94,4.05,1.9,5.35,2.05,.,.,6\
NudeFemale,4750,5.16,1.92,4.9,2.15,5.48,1.9,.,.,3\
FemaleKiss,4770,5.16,2.61,5.85,2.22,5.35,1.98,.,.,3\
EroticCouple,4800,5.16,2.22,7.07,1.78,5.51,2.11,.,.,6\
EroticCouple,4810,5.17,2.09,6.66,2.14,5.41,2.22,.,.,5\
Flower,5000,5.18,1.77,2.67,1.99,7.08,1.99,.,.,1\
Sunflower,5001,5.18,1.56,3.79,2.34,6.49,2.12,6.36,2.12,7\
Flower,5010,5.19,1.5,3,2.25,7.4,2.25,.,.,1\
Flower,5020,5.19,1.68,2.63,2.1,6.67,2.1,.,.,1\
Flower,5030,5.19,1.73,2.74,2.13,7.03,2.13,.,.,1\
Venusflytrap,5040,5.19,1.11,3.75,1.89,5.77,1.71,.,.,18\
PineNeedles,5120,5.19,1.34,3.07,2.12,5.69,2.07,.,.,9\
Rocks,5130,5.19,1.13,2.51,1.72,5.84,1.98,.,.,10\
Garden,5199,5.2,1.91,4.7,2.52,5.99,2,.,.,20\
Flowers,5200,5.2,1.52,3.2,2.16,6.21,1.88,.,.,3\
Nature,5201,5.2,1.71,3.83,2.49,6.73,2.04,6.34,1.94,7\
Garden,5202,5.2,1.44,3.73,2.22,6.31,1.89,.,.,18\
Seaside,5210,5.21,1.09,4.6,2.48,6.19,2.08,.,.,18\
Harbor,5215,5.21,1.7,5.4,2.15,5.92,1.91,.,.,20\
Nature,5220,5.21,1.5,3.91,2.27,5.53,2.01,.,.,3\
Nature,5250,5.21,2.01,3.64,2.27,5.5,2.46,.,.,4\
Waterfall,5260,5.21,1.74,5.71,2.53,4.54,2.56,.,.,6\
Nature,5270,5.21,1.57,5.49,2.54,4.28,2.56,.,.,5\
Galaxy,5300,5.22,1.8,4.36,2.62,4.14,2.7,.,.,4\
Galaxy,5301,5.22,1.68,5.21,2.42,4.06,2.42,.,.,20\
Boat,5390,5.22,1.54,2.88,1.97,6.33,2.02,.,.,10\
Boat,5395,5.22,1.21,4.23,2.03,5.23,2.01,.,.,12\
Violinist,5410,5.22,1.58,3.29,2.09,6.28,1.72,.,.,10\
Liftoff,5450,5.22,1.6,5.84,2.4,4.98,2.69,.,.,5\
Cockpit,5455,5.22,1.37,4.56,2.17,5.63,2.11,.,.,11\
Astronaut,5460,5.24,1.51,5.87,2.5,4.99,2.59,.,.,5\
Astronaut,5470,5.24,1.62,6.02,2.26,4.96,2.47,.,.,6\
Satellite,5471,5.24,1.18,3.26,2.05,.,.,5.63,1.82,16\
Fireworks,5480,5.24,1.63,5.48,2.35,5.8,1.97,.,.,6\
Mushroom,5500,5.25,1.58,3,2.42,6.45,2.42,.,.,1\
Mushroom,5510,5.25,1.43,2.82,2.18,6.68,2.18,.,.,1\
Mushroom,5520,5.25,1.49,2.95,2.42,6.43,2.42,.,.,1\
Mushroom,5530,5.26,1.6,2.87,2.29,6.42,2.29,.,.,1\
Mushroom,5531,5.27,1.45,3.69,2.11,6,1.95,5.96,1.99,7\
Mushrooms,5532,5.27,1.69,3.79,2.2,6.01,2.14,5.81,2.19,7\
Mushrooms,5533,5.27,1.17,3.12,1.92,6.09,1.79,.,.,8\
Mushrooms,5534,5.28,1.44,3.14,2.03,5.83,1.93,.,.,8\
Stilllife,5535,5.28,1.52,4.11,2.31,5.61,2.25,.,.,12\
Clouds,5551,5.29,1.63,3.26,2.47,.,.,6.48,2.21,13\
Sky,5593,5.3,1.57,3.98,2.31,5.89,2.38,.,.,10\
Sky,5594,5.31,1.45,4.15,2.76,6.54,2.46,.,.,9\
Mountains,5600,5.31,1.48,5.19,2.7,4.93,2.27,.,.,2\
Mountains,5611,5.31,1.58,3.99,2.56,.,.,6.04,2.28,13\
SkyDivers,5621,5.31,1.42,6.99,1.95,5.81,2.38,5.5,2.34,7\
Shark,5622,5.32,1.78,5.34,1.96,5.94,2.07,.,.,8\
Windsurfers,5623,5.33,1.44,5.67,2.32,6.45,1.72,.,.,8\
HangGlider,5626,5.33,2.06,6.1,2.19,6,2.24,.,.,8\
Mountains,5628,5.33,1.95,5.46,2.09,6.28,2.33,.,.,8\
Hiker,5629,5.34,1.55,6.55,2.11,5.68,2.55,5.76,2.18,7\
Mountains,5631,5.34,1.34,3.86,2.64,.,.,6.23,2.15,16\
WinterStreet,5635,5.34,1.56,3.97,2.03,.,.,5.69,1.98,15\
Mountains,5660,5.34,1.59,5.07,2.62,5.03,2.46,.,.,6\
Cave,5661,5.34,1.41,4.15,2.3,.,.,5.45,2.02,14\
Building,5665,5.35,1.44,4.02,1.97,5.78,1.8,.,.,17\
Mountains,5700,5.35,1.46,5.68,2.33,4.59,2.68,.,.,5\
Field,5711,5.35,1.65,3.03,1.96,.,.,6.35,1.97,13\
Farmland,5720,5.36,1.6,2.79,2.2,5.58,2.15,.,.,5\
Field,5725,5.36,1.41,3.55,2.32,6.23,2.31,.,.,18\
Grain,5726,5.36,1.6,2.84,2.04,6.15,1.83,.,.,19\
Flowers,5731,5.36,1.58,2.74,1.95,6.13,1.77,.,.,8\
Plant,5740,5.37,1.38,2.59,1.99,6.27,2.21,.,.,10\
Nature,5750,5.38,1.84,3.14,2.25,6.82,2.25,.,.,1\
Nature,5760,5.38,1.23,3.22,2.39,7.49,2.39,.,.,1\
Field,5764,5.38,1.64,3.55,2.32,.,.,6.09,1.81,16\
Courtyard,5779,5.39,1.42,3.57,2.3,6.96,1.77,.,.,11\
Nature,5780,5.39,1.45,3.75,2.54,6.05,2.3,.,.,5\
Lake,5781,5.39,1.49,3.82,2.37,.,.,6.28,1.9,15\
Leaves,5800,5.39,1.7,2.51,2.01,5.72,2.03,.,.,6\
Flowers,5811,5.39,1.6,3.3,2.33,.,.,6.58,2.23,13\
Mountain,5814,5.4,1.54,4.82,2.4,.,.,5.86,2.05,15\
Mountains,5820,5.4,1.73,4.61,2.59,5.69,2.17,.,.,2\
Sea,5825,5.4,1.18,5.46,2.72,6.61,2.11,.,.,17\
Sunset,5829,5.4,1.42,4.68,2.45,6.06,1.98,.,.,19\
Sunset,5830,5.41,1.48,4.92,2.65,6.07,1.91,.,.,2\
Seagulls,5831,5.41,1.15,4.43,2.49,6.46,2.12,.,.,9\
Beach,5833,5.41,1.08,5.71,2.66,.,.,6.97,1.93,16\
Beach,5836,5.42,1.39,4.28,2.41,.,.,5.92,2.02,15\
Flowers,5849,5.42,1.93,4.89,2.43,5.9,2,.,.,12\
Clouds,5870,5.42,1.76,3.1,2.22,5.2,2.13,.,.,3\
Bicyclist,5875,5.43,1.43,3.29,2.12,6.19,1.91,.,.,12\
Earth,5890,5.43,1.75,4.6,2.3,4.15,2.78,.,.,3\
Clouds,5891,5.43,1.46,3.29,2.57,5.2,2.57,.,.,5\
Desert,5900,5.45,1.64,4.38,2.1,5.16,2.06,.,.,3\
Fireworks,5910,5.45,1.23,5.59,2.55,5.56,2.37,.,.,5\
Volcano,5920,5.46,1.92,6.23,2.08,3.95,2.31,.,.,3\
Lava,5940,5.47,1.68,6.29,1.85,3.7,2.17,.,.,3\
Lightning,5950,5.48,2.07,6.79,1.98,3.56,2.44,.,.,3\
Tornado,5961,5.48,1.86,5.8,2.37,.,.,3.21,2.24,15\
Tornado,5970,5.49,1.77,4.88,2.59,3.73,2.34,.,.,4\
Tornado,5971,5.49,1.87,6.65,2.02,3.3,2.42,.,.,11\
Tornado,5972,5.49,2.33,6.34,2.2,3.49,2.42,.,.,12\
Tornado,5973,5.5,1.83,5.78,2.27,.,.,2.94,2.01,16\
Sky,5982,5.5,1.48,4.51,2.85,5,2.74,.,.,6\
Sky,5990,5.5,1.78,4.44,2.43,4.7,2.27,.,.,5\
Sky,5991,5.5,2.09,4.01,2.44,4.78,2.17,.,.,6\
Skyline,5994,5.51,1.75,4.61,2.31,6.56,2.2,.,.,9\
Prison,6000,5.51,1.74,4.91,2.17,3.77,2.22,.,.,3\
Jail,6010,5.52,1.98,3.95,1.87,5.08,2.53,.,.,4\
ElectricChair,6020,5.52,1.98,5.58,2.01,4.07,2.43,.,.,4\
Assault,6021,5.53,1.51,6.06,2.38,.,.,3.39,2.31,15\
Assault,6022,5.53,1.55,6.09,2.47,.,.,3.23,2.14,16\
Outlet,6150,5.53,1.17,3.22,2.02,5.54,1.69,.,.,3\
Aimedgun,6190,5.54,1.84,5.64,2.03,3.77,2.42,.,.,4\
AimedGun,6200,5.55,1.58,6.21,2.28,3.35,2.28,.,.,1\
AimedGun,6200,5.55,1.62,5.82,1.99,3.49,2.19,.,.,2\
AimedGun,6210,5.56,1.83,6.34,2.14,3.46,2.14,.,.,1\
Attack,6211,5.56,2.07,5.9,2.22,4.03,2.22,.,.,8\
Soldier,6212,5.57,1.49,6.01,2.44,3.45,2.1,.,.,8\
Terrorist,6213,5.58,1.52,5.86,2.06,3.62,2.36,.,.,11\
BoysW/Guns,6220,5.58,1.91,5.89,2.43,3.92,2.2,.,.,18\
AimedGun,6230,5.59,1.57,7.35,2.01,2.15,2.09,.,.,2\
AimedGun,6231,5.59,1.54,6.82,2.11,2.42,1.72,.,.,17\
Gun,6240,5.59,1.8,5.27,2.2,4.9,2.51,.,.,20\
Gun,6241,5.6,1.52,4.54,2.35,4.44,2.53,.,.,9\
Gang,6242,5.61,1.59,5.43,2.36,3.49,2.19,.,.,9\
AimedGun,6243,5.61,1.49,5.99,2.23,3.23,2.26,.,.,10\
AimedGun,6244,5.63,1.78,5.68,2.51,3.43,2.3,.,.,9\
AimedGun,6250,5.63,1.79,6.54,2.61,2.4,1.88,.,.,5\
AimedGun,6250.1,5.64,1.74,6.92,1.92,2.6,2.02,.,.,12\
IceCream,6250.2,5.64,1.7,5.13,2.06,5.63,2.1,.,.,11\
AimedGun,6260,5.64,1.54,6.93,1.93,2.87,2.16,.,.,6\
AimedGun,6263,5.64,1.53,6.62,2.23,2.85,2.24,.,.,18\
Knife,6300,5.65,1.66,6.61,1.97,2.78,1.99,.,.,5\
DistressedFem,6311,5.66,1.56,4.95,2.27,.,.,4.74,2.36,13\
Abduction,6312,5.67,1.52,6.37,2.3,3.83,2.25,.,.,8\
Attack,6313,5.67,1.38,6.94,2.23,3.26,2.74,2.98,2.17,7\
Attack,6314,5.67,1.51,4.6,2.31,4.58,2.4,.,.,10\
BeatenFem,6315,5.67,1.69,6.38,2.39,.,.,3.79,2.69,13\
Attack,6350,5.67,1.29,7.29,1.87,2.73,2.16,.,.,5\
Attack,6360,5.68,1.73,6.33,2.51,3.97,2.33,.,.,5\
Attack,6370,5.69,1.52,6.44,2.19,3,1.87,.,.,5\
AimedGun,6410,5.7,2.07,5.89,2.28,4.29,2.28,.,.,1\
DeadTiger,6415,5.7,1.51,6.2,2.31,.,.,3.79,2.47,13\
Attack,6510,5.7,1.58,6.96,2.09,2.81,2.12,.,.,6\
Attack,6520,5.7,1.27,6.59,2.08,2.88,2.16,.,.,19\
Attack,6530,5.71,1.86,6.18,2.02,4.01,2.29,.,.,6\
Attack,6540,5.71,1.56,6.83,2.14,3.02,2.17,.,.,6\
Attack,6550,5.72,2.38,7.09,1.98,3.01,2.41,.,.,6\
Knife,6555,5.73,1.59,5.69,2.21,.,.,4.17,2.17,13\
Attack,6560,5.76,1.41,6.53,2.42,3.11,2.41,.,.,5\
Attack,6561,5.76,1.46,4.99,2.19,4.58,2.23,.,.,10\
Attack,6562,5.76,1.34,5.08,2.39,.,.,3.99,2.03,16\
Attack,6563,5.77,1.23,6.85,2.18,2.93,2.12,.,.,20\
Suicide,6570,5.77,1.72,6.24,2.16,4.03,2.52,.,.,6\
Suicide,6570.1,5.77,1.76,6.12,2.17,3.46,2.36,.,.,12\
BlowDry,6570.2,5.78,0.95,3.85,1.93,5.66,1.77,.,.,11\
CarTheft,6571,5.78,2.05,5.59,2.5,3.56,2.38,.,.,9\
Gun,6610,5.78,1.79,5.06,2.39,4.97,2.39,.,.,1\
Gun,6800,5.78,2.06,4.87,2.57,4.81,2.57,.,.,1\
Gang,6821,5.79,1.72,6.29,2.02,3.29,2.36,.,.,10\
Military,6825,5.79,1.19,5.36,2.19,.,.,3.8,1.98,15\
Guns,6830,5.8,1.81,6.21,2.23,3.67,2.5,2.92,1.86,7\
Police,6831,5.8,1.5,5.55,2.16,3.99,1.93,.,.,8\
Police,6832,5.8,1.64,5.51,1.73,4.16,2.02,.,.,17\
Police,6834,5.8,1.73,6.28,1.9,3.9,2.28,.,.,12\
Police,6836,5.81,1.61,5.47,1.91,4.39,2.24,.,.,11\
Police,6837,5.82,1.53,4.5,2.06,4.43,2.37,.,.,19\
Police,6838,5.82,1.44,5.8,2.09,3.79,2.08,.,.,11\
Police,6840,5.84,2.04,5.95,1.9,4.72,2.21,.,.,12\
Aircraft,6900,5.84,2.06,5.64,2.22,4.27,2.66,.,.,2\
Bomber,6910,5.85,2.28,5.62,2.46,5.1,2.46,.,.,1\
Missiles,6930,5.87,1.82,4.88,2.2,4,2.39,.,.,2\
Tank,6940,5.87,2.07,5.35,2.02,4.05,2.63,.,.,4\
RollingPin,7000,5.87,0.84,2.42,1.79,6.14,2.14,.,.,2\
Buttons,7001,5.88,1.19,3.2,2.15,5.82,2.02,.,.,17\
Towel,7002,5.89,0.97,3.16,2,6.25,1.93,6.48,1.94,7\
Disk,7003,5.9,1.22,3.07,1.98,6.02,1.87,.,.,17\
Spoon,7004,5.9,0.6,2,1.66,6.74,1.99,.,.,9\
Bowl,7006,5.9,0.99,2.33,1.67,6.18,1.96,.,.,8\
Mug,7009,5.91,1,3.01,1.97,6.33,1.93,6.23,2.03,7\
Basket,7010,5.91,1.07,1.76,1.48,6.7,1.48,.,.,1\
GasCan,7011,5.92,1.16,3.81,1.67,4.99,1.78,.,.,17\
Rubberbands,7012,5.92,1.05,3,1.94,6.06,1.77,.,.,17\
Lightbulb,7013,5.92,1.35,4.11,2.02,5.03,1.86,.,.,19\
Scissors,7014,5.93,0.97,3.25,2.03,6.21,1.86,.,.,18\
Razor,7016,5.93,1.08,3.4,1.71,5.74,1.98,.,.,17\
Video,7017,5.93,1.07,3.12,1.97,5.93,1.94,.,.,18\
Screw,7018,5.95,0.88,3.91,1.97,5.71,1.62,.,.,20\
Tools,7019,5.96,1.17,3.36,1.87,6.19,1.82,.,.,18\
Fan,7020,5.96,1.04,2.17,1.71,6.16,2.15,.,.,9\
Whistle,7021,5.96,1.22,4.17,2.22,6.22,1.95,.,.,20\
Garbage,7023,5.97,1.71,4.17,2.13,5.16,2.4,.,.,20\
Stool,7025,5.97,1.17,2.71,2.2,6.1,2.2,.,.,8\
PicnicTable,7026,5.97,1.26,2.63,1.93,6.19,1.76,.,.,19\
Iron,7030,5.97,1.04,2.99,2.09,5.73,2,.,.,6\
Shoes,7031,5.98,1.11,2.03,1.51,6.14,2.12,.,.,10\
Shoes,7032,5.98,1.46,3.18,1.88,5.9,1.75,.,.,19\
Train,7033,5.98,1.57,3.99,2.14,5.32,1.95,.,.,19\
Hammer,7034,5.99,0.87,3.06,1.95,6.48,1.86,.,.,8\
Mug,7035,5.99,0.96,2.66,1.82,6.39,1.94,.,.,8\
Shipyard,7036,6,1.08,3.32,2.04,.,.,5.41,2.11,14\
Trains,7037,6,1.12,3.71,2.08,.,.,5.24,2.1,14\
Shoes,7038,6,1.2,3.01,1.96,.,.,5.67,2,13\
Train,7039,6.01,1.58,3.29,2.15,.,.,5.94,1.93,13\
DustPan,7040,6.01,1.09,2.69,1.93,5.46,1.64,.,.,5\
Baskets,7041,6.02,1.12,2.6,1.78,.,.,6.35,2.14,14\
Barbells,7042,6.02,1.23,4.02,2.26,.,.,6.4,2.06,15\
Drill,7043,6.02,1.26,3.68,2.09,.,.,6.38,1.93,16\
Scale,7044,6.03,1.4,3.94,2.17,.,.,5.16,2.28,15\
Zipper,7045,6.03,0.76,3.32,1.96,6.28,1.72,.,.,20\
Pill,7046,6.04,1.38,4.14,2.04,.,.,5.22,2.11,16\
HairDryer,7050,6.04,0.81,2.75,1.8,5.82,1.93,.,.,2\
Clothespins,7052,6.05,1.32,3.01,2.02,.,.,6.19,1.86,16\
Candlestick,7053,6.05,0.75,2.95,1.91,.,.,5.87,1.99,15\
Glass,7054,6.05,1.09,4.08,2.13,.,.,4.78,1.91,16\
Lightbulb,7055,6.06,0.64,3.02,1.83,.,.,5.73,1.86,15\
Tool,7056,6.07,1.02,3.07,1.92,.,.,6.38,2.1,15\
Coffeecup,7057,6.07,1.37,3.39,2.01,.,.,6.04,2.06,16\
Dice,7058,6.08,1.38,3.98,2.17,.,.,5.66,2.31,15\
Keyring,7059,6.09,0.81,2.73,1.88,.,.,6.22,1.98,16\
TrashCan,7060,6.09,1.16,2.55,1.77,5.85,2.1,.,.,2\
Puzzle,7061,6.09,1.4,3.66,1.92,5.92,1.85,.,.,17\
Sewing,7062,6.1,1.06,3.4,1.94,5.91,1.71,.,.,18\
Stove,7077,6.11,1.46,4.61,2.06,5.6,1.85,.,.,19\
Bucket,7078,6.11,1.45,3.69,1.86,5.41,1.73,.,.,20\
Waste,7079,6.11,1.43,4.47,1.89,4.19,1.84,.,.,17\
Fork,7080,6.12,1.09,2.32,1.84,7.04,1.84,.,.,1\
Luggage,7081,6.14,1.3,3.96,2.24,5.76,1.88,.,.,17\
Book,7090,6.14,1.46,2.61,2.03,6.65,2.03,.,.,1\
Scale,7092,6.15,1.46,4.38,2.05,4.99,2.48,.,.,20\
Headlight,7095,6.15,1.4,4.21,2.2,6.17,1.95,.,.,12\
Car,7096,6.15,1.26,3.98,1.87,5.81,1.78,.,.,11\
FireHydrant,7100,6.15,1.2,2.89,1.7,5.92,1.73,.,.,3\
Hammer,7110,6.16,0.93,2.27,1.7,6.07,1.86,.,.,10\
Truck,7130,6.16,1.03,3.35,1.9,5.08,1.82,.,.,3\
CarDamage,7135,6.16,1.57,5.36,2.14,3.76,2.19,.,.,19\
CarBoot,7136,6.16,1.7,5.01,2.17,3.98,2.23,.,.,20\
CarDamage,7137,6.16,1.44,4.81,1.95,4.5,1.92,.,.,20\
Bus,7140,6.17,1.42,2.92,2.38,5.45,1.78,.,.,6\
Umbrella,7150,6.17,1,2.61,1.76,5.55,2.01,.,.,2\
Fabric,7160,6.17,1.1,3.07,2.07,5.8,1.97,.,.,9\
Pole,7161,6.17,1.02,2.98,1.99,.,.,5.68,2.13,13\
BathRoom,7165,6.18,1.54,3.5,2.22,6.3,1.75,.,.,19\
LightBulb,7170,6.19,1.28,3.21,2.05,5.89,1.98,.,.,2\
Lamp,7175,6.19,1,1.72,1.26,6.47,2.04,.,.,10\
Rug,7179,6.19,1.05,2.88,1.97,.,.,6.1,2.07,14\
NeonBuilding,7180,6.19,1.31,3.43,1.95,5.61,1.98,.,.,10\
Checkerboard,7182,6.2,1.31,4.02,2.12,5.51,2.1,.,.,9\
Checkerboard,7183,6.2,1.39,3.78,2.19,5.71,2.16,.,.,10\
AbstractArt,7184,6.21,1.02,3.66,1.89,5.46,1.8,.,.,11\
AbstractArt,7185,6.21,0.87,2.64,2.04,6.13,2.02,.,.,10\
AbstractArt,7186,6.21,1.6,3.6,2.36,5.88,2.5,.,.,12\
AbstractArt,7187,6.21,1.02,2.3,1.75,6.1,2.04,.,.,10\
AbstractArt,7188,6.22,1.12,4.28,2.16,.,.,5.61,1.94,16\
Clock,7190,6.22,1.34,3.84,2.06,5.3,2.04,.,.,3\
Vase,7192,6.22,1.33,3.58,2.01,.,.,5.76,1.83,15\
Teeth,7195,6.22,1.65,4.54,2.03,5.78,2,.,.,12\
Brownie,7200,6.23,1.74,4.87,2.59,6.9,2.59,.,.,1\
Scarves,7205,6.24,1.39,2.93,2.16,6.39,1.95,.,.,10\
Beads,7207,6.24,1.46,3.57,2.25,6,2,.,.,8\
Clock,7211,6.24,1.78,4.2,2.4,4.99,2.32,.,.,12\
ClothesRack,7217,6.24,0.99,2.43,1.64,6.25,1.86,.,.,8\
Pastry,7220,6.25,1.74,5.3,2.35,5.8,2.24,.,.,11\
FileCabinets,7224,6.25,1.36,2.81,1.94,6.26,2.23,6.08,2.17,7\
Turkey,7230,6.25,1.65,5.52,2.32,6.21,1.97,.,.,2\
Plate,7233,6.25,1.46,2.77,1.92,6.23,2.06,6.42,2.01,7\
IroningBoard,7234,6.25,1.58,2.96,1.9,5.73,2.18,5.26,2.16,7\
Chair,7235,6.26,1.18,2.83,2,6.53,2.09,6.25,2.04,7\
Lightbulb,7236,6.26,1.31,3.79,2.24,.,.,6.34,1.96,14\
AbstractArt,7237,6.26,1.36,3.88,2.18,5.84,1.79,.,.,9\
AbstractArt,7238,6.27,1.42,4.17,2.38,6.06,1.99,.,.,9\
Gym,7240,6.27,1.93,5.51,2.12,6.37,2.42,.,.,20\
Building,7242,6.27,1.45,3.83,2.06,.,.,5.72,1.85,16\
AbstractArt,7247,6.28,1,4.14,2.23,.,.,5.05,1.99,15\
AbstractArt,7248,6.28,1.07,4.22,2.11,.,.,5.07,1.87,16\
AbstractArt,7249,6.29,1.04,3.97,2.08,.,.,5.5,1.8,15\
Cake,7250,6.31,1.56,4.67,2.15,.,.,6.24,1.89,14\
Cracker,7255,6.32,1.18,3.36,1.99,5.92,1.83,.,.,19\
Torte,7260,6.32,1.66,5.11,2.19,6.03,2.3,.,.,2\
IceCream,7270,6.32,1.73,5.76,2.21,5.88,2.4,.,.,2\
Alcohol,7279,6.32,1.92,5.19,2.09,5.97,1.96,.,.,17\
Wines,7280,6.32,1.8,4.46,2.38,6.1,2.08,.,.,2\
Food,7281,6.33,1.52,4.41,2.26,6.46,1.71,.,.,8\
Cake,7282,6.33,1.48,4.77,2.08,6.16,1.79,.,.,8\
Fruit,7283,6.33,1.84,3.81,2.01,6.05,1.99,.,.,8\
Fruit,7284,6.33,1.66,4.06,2.2,6.45,2.23,6.44,1.92,7\
Tomatoes,7285,6.34,1.6,3.83,2.11,6.29,2.27,6.44,1.97,7\
Pancakes,7286,6.34,1.72,4.44,2.44,5.97,2.52,6.27,2.18,7\
Tomato,7287,6.34,1.48,3.57,1.98,5.68,1.83,.,.,19\
Food,7289,6.35,2,5.14,2.51,6.02,2.2,.,.,11\
Fish,7290,6.35,1.54,3.87,2.07,5.85,1.65,.,.,18\
Chicken,7291,6.35,1.91,4.81,2.38,.,.,6.1,2.18,13\
Peanuts,7300,6.36,1.22,3.25,1.97,6.2,1.84,.,.,18\
Desserts,7320,6.36,1.63,4.44,2.12,6.22,1.95,.,.,3\
Watermelon,7325,6.36,1.65,3.55,2.07,6.56,1.93,.,.,9\
IceCream,7330,6.37,1.84,5.14,2.58,6.58,2.51,.,.,4\
IceCream,7340,6.38,1.63,3.69,2.58,6.32,2.33,.,.,4\
Pizza,7350,6.38,1.98,4.97,2.44,6.72,2.12,.,.,4\
Pizza,7351,6.38,1.67,4.25,2.28,6,1.67,.,.,5\
Pizza,7352,6.4,2.2,4.58,2.45,5.58,2.07,.,.,6\
Garlic,7354,6.4,1.67,3.73,2.19,6.27,1.93,.,.,19\
PieW/bug,7359,6.4,1.7,5.36,2.19,.,.,4.73,2.38,14\
FliesOnPie,7360,6.4,1.95,5.11,2.25,5.21,2.26,.,.,4\
MeatSlicer,7361,6.4,1.73,5.09,2.48,4.38,2.09,.,.,8\
Meat,7365,6.4,1.57,4.13,1.93,5.83,1.66,.,.,18\
RoachOnPizza,7380,6.41,1.42,5.88,2.44,4.49,2.18,.,.,6\
IceCream,7390,6.42,1.73,4.56,2.28,6.02,2.03,.,.,6\
Candy,7400,6.43,1.64,5.06,2.23,6.07,2.01,.,.,5\
Pastry,7402,6.43,2.04,5.05,2.12,5.75,2.37,.,.,12\
Cupcakes,7405,6.43,1.73,6.28,2.16,5.67,2.4,.,.,20\
Candy,7410,6.43,1.56,4.55,2.24,5.92,2.1,.,.,5\
Candy,7430,6.44,1.78,4.72,2.29,5.86,2.02,.,.,6\
Cookout,7440,6.46,1.61,4.7,1.96,5.98,1.72,.,.,19\
Cheeseburger,7450,6.47,2.01,5.05,2.22,5.81,2.2,.,.,5\
Hamburger,7451,6.47,2.11,5.84,2.03,5.85,2.24,.,.,17\
FrenchFries,7460,6.48,2.08,5.12,2.49,5.78,2.26,.,.,6\
FrenchFries,7461,6.49,2.28,5.2,2.27,5.88,2.35,.,.,20\
Pancakes,7470,6.49,1.6,4.64,2.26,5.96,1.95,.,.,5\
Grapes,7472,6.49,1.84,4,2.37,.,.,6.31,2.12,14\
Shrimp,7475,6.5,1.66,4.17,2.49,6.34,1.98,.,.,10\
Ramen,7476,6.5,2.24,4.63,2.02,5.45,1.99,.,.,17\
Sushi,7477,6.5,2.03,4.82,2.32,6.25,1.84,.,.,18\
Pasta,7480,6.5,1.62,4.55,2.42,5.88,1.87,.,.,6\
Food,7481,6.5,1.78,4.92,2.13,5.97,2.21,.,.,12\
Lamb,7482,6.5,1.77,4.81,2.24,.,.,6.29,2.13,15\
Fish,7484,6.51,1.97,4.24,2.23,.,.,6.06,1.79,16\
Pastry,7487,6.51,1.57,4.08,2,.,.,5.3,1.89,15\
Chicken,7488,6.51,1.98,4.96,2.36,.,.,6.22,1.95,16\
Ferrry,7489,6.51,1.61,4.49,2.22,5.85,1.78,.,.,17\
Window,7490,6.52,1.41,2.42,2.23,5.81,2.1,.,.,4\
Building,7491,6.53,1.03,2.39,1.9,5.93,1.96,.,.,9\
Ferry,7492,6.53,1.68,4.91,2.46,5.55,2.13,.,.,19\
Man,7493,6.53,1.34,3.39,2.08,.,.,5.75,1.92,13\
Store,7495,6.53,1.6,3.82,2.33,6.04,2.11,.,.,12\
Street,7496,6.54,1.66,4.84,1.99,5.55,1.72,.,.,12\
Crowd,7497,6.54,1.55,4.97,2.16,4.26,2.1,.,.,18\
Concert,7499,6.54,1.57,5.58,2.16,5.37,2.03,.,.,18\
Building,7500,6.54,1.44,3.26,2.18,5.17,2.05,.,.,2\
City,7501,6.54,1.7,5.63,2.27,5.82,2.07,.,.,6\
Castle,7502,6.55,1.4,5.91,2.31,6.64,2.19,6.58,2.08,7\
CardDealer,7503,6.55,1.39,4.21,2.39,5.59,1.92,.,.,10\
Stairs,7504,6.56,1.46,4.25,2.27,.,.,5.8,2.09,14\
Cards,7505,6.56,1.53,4.72,2.06,5.95,1.68,.,.,17\
Casino,7506,6.56,1.46,4.25,1.95,.,.,5.37,1.97,15\
Painting,7507,6.57,1.37,3.54,1.95,5.98,1.69,.,.,18\
FerrisWheel,7508,6.58,1.46,5.09,2.11,.,.,5.22,1.96,16\
Paintbrush,7509,6.58,1.35,3.43,2.02,6.31,1.69,.,.,19\
Skyscraper,7510,6.59,1.6,4.52,2.35,4.96,2.18,.,.,2\
Chess,7512,6.6,1.22,3.72,2.07,5.84,1.96,.,.,20\
Crochet,7513,6.6,1.4,3.47,2.02,5.82,1.77,.,.,20\
Crowd,7515,6.6,1.33,5.48,1.98,5.3,1.75,.,.,20\
Hospital,7520,6.61,1.56,4.57,1.85,4.42,1.82,.,.,17\
Hospital,7521,6.61,1.61,4.38,2.1,4.85,2.14,.,.,18\
House,7530,6.61,1.36,4,2.14,6.09,1.69,.,.,19\
Ocean,7545,6.62,1.72,3.28,2.34,6.75,1.93,.,.,11\
Bridge,7546,6.62,1.13,3.72,2.16,.,.,5.48,2,15\
Bridge,7547,6.62,0.96,3.18,2.01,.,.,5.76,2,16\
Office,7550,6.62,1.4,3.95,1.91,5.22,2.26,.,.,3\
Freeway,7560,6.62,1.65,5.24,2.03,4.63,2.09,.,.,3\
Skyline,7570,6.62,1.69,5.54,2.34,5.33,2.25,.,.,3\
Desert,7580,6.62,1.6,4.59,2.72,5.12,2.56,.,.,3\
Traffic,7590,6.62,1.55,3.8,2.13,5.05,2.35,.,.,9\
Traffic,7595,6.64,1.46,3.77,2.22,5.28,2.28,.,.,11\
Dragon,7600,6.64,1.76,5.5,1.92,5.22,2.01,.,.,12\
Jet,7620,6.64,1.72,4.92,2.11,5.07,1.99,.,.,3\
Airplane,7632,6.65,1.69,4.78,2.36,4.4,2.09,.,.,18\
Skyscraper,7640,6.65,1.31,6.03,2.46,3.82,2.27,.,.,6\
City,7650,6.65,1.91,6.15,2.24,5.79,1.98,.,.,20\
Crowd,7660,6.65,1.7,5.59,2.23,5.42,2.02,.,.,19\
Office,7700,6.65,1.45,2.95,2.17,5.13,2.45,.,.,4\
Cabinet,7705,6.66,1.02,2.65,1.88,6.39,2.09,.,.,11\
Bed,7710,6.66,1.58,3.44,2.21,5.96,2.09,.,.,4\
Agate,7820,6.67,1.41,4.21,2.05,5.3,1.96,.,.,3\
Agate,7830,6.67,1.38,4.08,2.11,5.36,1.81,.,.,3\
Violin,7900,6.68,1.72,2.6,2.08,6.48,2.22,.,.,4\
CarCrash,7920,6.68,1.4,3.87,2.15,5.2,1.78,.,.,8\
Tissue,7950,6.69,1.21,2.28,1.81,6.3,2.11,.,.,9\
Basketball,8001,6.69,1.84,5.6,2.31,5.57,1.81,.,.,17\
Runner,8010,6.71,1.86,4.12,2.08,5.17,2.08,.,.,4\
Skier,8021,6.71,1.44,5.67,2.37,5.85,2.06,.,.,10\
Skier,8030,6.71,1.76,7.35,2.02,4.7,2.66,.,.,2\
Skier,8031,6.71,1.39,5.58,2.24,6.36,1.66,.,.,8\
IceSkater,8032,6.71,1.57,4.19,2.08,6.1,1.64,.,.,8\
IceSkater,8033,6.71,1.52,5.01,2.15,6.12,1.91,5.74,1.77,7\
Skier,8034,6.72,1.53,6.3,2.16,6.26,2.02,5.81,2.12,7\
Diver,8040,6.72,1.56,5.61,2.01,5.31,2.32,.,.,4\
Diver,8041,6.72,1.67,5.49,2.29,6.05,1.99,5.54,2.13,7\
Rower,8050,6.73,1.49,4.31,2.12,6.67,1.92,.,.,4\
Boxer,8060,6.73,2.23,5.31,1.99,5.92,2.43,.,.,4\
Kickboxing,8065,6.73,1.78,5.71,2.09,5.52,2.05,.,.,20\
Sailing,8080,6.74,1.34,6.65,2.2,5.91,2.1,.,.,2\
Gymnast,8090,6.74,1.33,5.71,2.1,5.25,2.01,.,.,2\
Football,8116,6.76,1.77,5.97,2.29,6.06,1.7,.,.,11\
Hockey,8117,6.78,1.68,5.3,2.44,6.07,2.21,.,.,9\
Rugby,8118,6.78,1.51,4.9,1.98,5.77,1.76,.,.,18\
Athlete,8120,6.79,1.36,4.85,2.13,6.23,1.61,.,.,2\
Athlete,8121,6.79,1.54,4.14,2.1,5.3,2,.,.,19\
PoleVaulter,8130,6.79,1.34,5.49,2.07,5.43,1.8,.,.,2\
Hiker,8158,6.79,1.66,6.49,2.05,5.41,2.32,.,.,20\
RockClimber,8160,6.79,1.97,6.97,1.62,4.05,2.24,.,.,3\
HangGlider,8161,6.8,1.64,6.09,2.24,5.89,2.15,5.68,2.18,7\
HotAirBalloon,8162,6.81,1.55,4.98,2.25,6.37,1.89,5.69,1.86,7\
Parachute,8163,6.81,1.61,6.53,2.21,5.69,2.28,.,.,20\
Sailboat,8170,6.81,1.34,6.12,2.3,5.72,2.15,.,.,6\
Cliffdiver,8178,6.82,2,6.82,2.33,.,.,4.68,2.61,13\
Bungee,8179,6.82,2.18,6.99,2.35,.,.,4.73,2.68,13\
CliffDivers,8180,6.82,1.88,6.59,2.12,4.97,2.52,.,.,4\
Skydivers,8185,6.82,1.52,7.27,2.08,5.47,2.42,.,.,12\
Skysurfer,8186,6.83,1.57,6.84,2.01,.,.,5.15,2.36,14\
Skier,8190,6.83,1.39,6.28,2.57,6.14,2.74,.,.,5\
IceClimber,8191,6.83,1.73,6.19,2.17,.,.,4.88,2.31,14\
VolcanoSkier,8192,6.83,1.53,6.03,1.97,.,.,5.17,2,14\
Skier,8193,6.84,1.58,6.04,2.19,.,.,5.82,2.08,13\
WaterSkier,8200,6.84,1.37,6.35,1.98,6.17,1.61,.,.,3\
Waterskiing,8205,6.84,1.42,4.17,1.93,.,.,5.86,1.79,15\
Surfers,8206,6.84,1.75,6.41,2.19,5.19,2.04,.,.,19\
Surfer,8208,6.84,1.48,5.17,2.23,5.85,1.78,.,.,19\
Boat,8210,6.85,1.31,5.94,2.07,5.82,1.94,.,.,5\
Sailboat,8211,6.85,1.89,5.36,2.35,.,.,5.13,2.29,13\
Runners,8220,6.86,1.73,5.19,2.17,6.28,2.2,.,.,4\
Boxer,8230,6.86,1.88,5.91,2.15,4.05,2.36,.,.,4\
Boxer,8231,6.87,1.83,5.24,1.84,4.68,2.2,.,.,12\
Boxer,8232,6.87,1.8,5.1,2.21,5.57,2.07,.,.,11\
Rowing,8241,6.88,1.31,4.06,1.96,.,.,6.18,1.72,16\
Motorcyclist,8250,6.89,1.62,5.04,2.49,5.63,2.07,.,.,5\
Motorcycle,8251,6.9,1.68,6.05,2.12,.,.,5.87,2.24,14\
Motorcyclist,8260,6.9,1.8,5.85,2.18,5.29,1.96,.,.,6\
Diver,8280,6.91,1.46,5.05,2.18,5.85,1.95,.,.,6\
Pilot,8300,6.91,1.6,6.14,2.21,5.31,2.31,.,.,5\
Golfer,8311,6.91,1.67,3.57,2.35,5.8,1.74,.,.,6\
Golf,8312,6.91,1.41,3.32,2.06,5.88,1.7,.,.,19\
CarRacer,8320,6.91,1.78,4.27,2.21,5.51,1.79,.,.,6\
RaceCars,8325,6.91,1.5,4.47,2.19,5.53,1.82,.,.,18\
Winner,8330,6.93,1.39,4.06,2.28,5.56,1.59,.,.,5\
Plane,8340,6.93,1.69,5.8,2.36,5.77,2.23,.,.,6\
Wingwalker,8341,6.94,1.86,6.4,2.27,.,.,4.66,2.31,13\
TennisPlayer,8350,6.95,1.56,5.18,2.28,5.78,1.76,.,.,5\
Rafting,8370,6.96,1.29,6.73,2.24,5.37,2.02,.,.,5\
Rafting,8371,6.96,1.45,5.12,2.3,.,.,5.59,1.87,16\
Athletes,8380,6.97,1.55,5.74,2.32,5.8,2.02,.,.,6\
Rafters,8400,6.97,1.52,6.61,1.86,4.63,2.14,.,.,6\
Tubing,8420,6.97,1.55,5.56,2.38,6.05,2.19,.,.,6\
Runner,8460,6.98,1.58,4.55,2.57,5.76,1.7,.,.,5\
HappyTeens,8461,6.99,1.53,4.69,2.2,6.36,1.67,.,.,10\
Runner,8465,7,1.49,3.93,2.34,5.97,1.63,.,.,10\
Nudists,8466,7,1.77,4.92,2.09,.,.,5.11,2.06,15\
Runners,8467,7.01,1.44,5.12,2.36,.,.,5.79,2.07,16\
Gymnast,8470,7.01,1.53,6.14,2.19,6.17,2.09,.,.,6\
Biking/train,8475,7.01,1.85,6.52,1.91,.,.,4.55,2.19,14\
BikerOnFire,8480,7.01,2.03,6.28,2.1,4,2.19,.,.,4\
Fire,8485,7.02,1.62,6.46,2.1,.,.,3.25,2.2,14\
RollerCoaster,8490,7.02,2.35,6.68,1.97,5.37,2.46,.,.,4\
Rollercoaster,8492,7.02,2.26,7.31,1.64,4.63,2.41,.,.,17\
WaterSlide,8496,7.02,1.63,5.79,2.26,6.33,2.18,.,.,9\
CarnivalRide,8497,7.03,1.44,4.19,2.18,6.22,1.87,.,.,10\
Rollercoaster,8499,7.03,1.41,6.07,2.31,.,.,5.51,2.1,16\
Gold,8500,7.03,1.64,5.6,2.4,5.87,2.14,.,.,3\
Money,8501,7.04,1.66,6.44,2.29,6.05,2.52,.,.,6\
Money,8502,7.04,1.72,5.78,2.49,6.4,2.54,.,.,9\
Money,8503,7.04,1.71,5.22,2.59,6.33,2.2,.,.,10\
SportCar,8510,7.05,1.72,4.93,2.56,6.54,2.26,.,.,4\
SportCar,8531,7.05,1.5,5.41,2.15,6.77,1.69,.,.,8\
Athletes,8540,7.06,1.51,5.16,2.37,5.88,1.91,.,.,5\
Mascot,8600,7.06,1.61,4.26,2.24,5.54,1.93,.,.,6\
Woman,8620,7.06,1.43,4.6,2.08,.,.,5.83,1.84,14\
Cemetery,9000,7.06,1.55,4.06,2.25,3.25,2.13,.,.,2\
Cemetery,9001,7.07,2.02,3.67,2.3,3.47,1.9,.,.,5\
Memorial,9002,7.07,1.84,4.55,1.94,4.03,1.82,.,.,17\
HIVTattoo,9005,7.08,2.23,5.18,2.11,4.3,2.31,.,.,8\
HIVTattoo,9006,7.08,1.59,5.76,2.46,3.33,2.42,3.08,2.22,7\
Needles,9007,7.08,1.41,5.03,2.32,4.18,2.27,.,.,8\
Needle,9008,7.08,1.85,4.45,2.1,5.3,2.21,4.75,1.86,7\
BarbedWire,9010,7.09,1.7,4.14,2.05,4.06,1.96,.,.,2\
Mud,9031,7.09,1.59,4.82,1.92,4.68,1.91,.,.,17\
StarvingChild,9040,7.09,1.07,5.82,2.15,3.1,2,.,.,2\
ScaredChild,9041,7.1,1.58,4.64,2.26,4.38,2.34,.,.,9\
StickThruLip,9042,7.1,1.89,5.78,2.48,4.37,2.16,.,.,10\
Teeth,9043,7.11,1.42,5.5,2.41,4.29,2.03,.,.,18\
NativeFem,9045,7.11,1.67,3.89,2.16,5.03,2.18,.,.,9\
Family,9046,7.11,1.49,4.31,1.99,4.61,2.05,.,.,12\
PlaneCrash,9050,7.11,1.61,6.36,1.97,3.27,2.06,.,.,2\
Boy,9070,7.12,1.89,3.63,2.03,5.67,1.98,.,.,2\
StarvingChild,9075,7.12,1.1,6.04,2.4,2.86,2.11,.,.,18\
Wires,9080,7.12,1.45,4.36,2.17,4.05,1.98,.,.,2\
Exhaust,9090,7.12,1.5,3.97,2.12,4.51,1.91,.,.,2\
Exhaust,9090,7.13,1.92,4.8,2.23,4.72,2.14,.,.,3\
Cocaine,9101,7.13,1.96,4.02,2.33,5.35,2.47,.,.,9\
Heroin,9102,7.13,1.76,4.84,2.5,4.64,2.42,.,.,9\
Puddle,9110,7.14,1.41,3.98,2.23,4.88,1.68,.,.,2\
OilFires,9120,7.14,1.75,5.77,1.94,3.79,2.01,.,.,6\
Cow,9140,7.14,1.37,5.38,2.19,3.85,1.95,.,.,2\
Cow,9145,7.15,1.39,5.05,2.26,4.73,2.12,.,.,18\
Matador,9150,7.15,1.82,5.31,2.12,4.48,2.06,.,.,18\
Plane,9156,7.15,1.59,5.79,2.3,6.04,2.05,.,.,11\
Soldier,9160,7.16,1.64,5.87,1.93,3.8,2.08,.,.,2\
Soldiers,9163,7.18,1.36,6.53,2.21,3.04,2.24,.,.,19\
Fisher,9171,7.18,1.94,4.72,2.17,.,.,5.17,2.23,13\
Seal,9180,7.18,1.61,5.02,2.09,4.52,2.09,.,.,2\
DeadCows,9181,7.19,1.85,5.39,2.41,4.04,2.27,.,.,8\
Horses,9182,7.19,2.04,4.98,2.07,4.97,2.32,4.45,1.8,7\
HurtDog,9183,7.2,1.1,6.58,2.12,2.96,1.85,.,.,17\
InjuredDog,9184,7.2,1.52,5.75,2.43,3.86,2.32,.,.,18\
DeadDog,9185,7.2,1.16,5.65,2.35,3.62,2.31,.,.,19\
Vultures,9186,7.21,1.54,4.88,1.87,4.23,1.83,.,.,17\
InjuredDog,9187,7.21,1.36,6.45,2.3,3.17,2.11,.,.,20\
Woman,9190,7.22,1.44,3.91,1.73,4.89,1.81,.,.,2\
Rain,9210,7.22,1.82,3.08,2.13,4.55,1.9,.,.,5\
Cemetery,9220,7.22,1.54,4,2.09,3.13,1.97,.,.,6\
OilFire,9230,7.23,1.58,5.77,2.36,3.73,1.88,.,.,5\
WarVictim,9250,7.23,1.39,6.6,1.87,3.73,1.94,.,.,3\
DeadBody,9252,7.24,1.59,6.64,2.33,2.92,2.28,2.77,1.82,7\
Mutilation,9253,7.24,1.19,5.53,2.4,3.77,2.17,.,.,9\
Assault,9254,7.24,1.35,6.04,2.35,.,.,3.08,1.95,15\
Hands,9260,7.24,1.76,3.45,1.98,4.98,2.24,.,.,19\
HungMan,9265,7.25,1.52,4.34,2.09,4.6,2.37,.,.,9\
ToxicWaste,9270,7.25,1.51,5.24,2.15,4.04,2.05,.,.,3\
Smoke,9280,7.25,1.54,4.26,2.44,4.1,2.54,.,.,9\
Garbage,9290,7.26,1.52,4.4,2.11,4.9,2.18,.,.,4\
Garbage,9291,7.26,1.19,4.38,2.05,4.75,1.75,.,.,18\
Garbage,9295,7.26,1.3,5.11,2.05,3.74,2.08,.,.,17\
Dirty,9300,7.27,1.76,6,2.41,4.12,2.57,.,.,4\
Toilet,9301,7.27,1.56,5.28,2.46,.,.,4.11,2.32,14\
Toilet,9302,7.27,1.41,5.58,2.43,3.9,2.08,.,.,18\
Vomit,9320,7.27,1.92,4.93,2.7,4.44,2.09,.,.,5\
Vomit,9321,7.29,2.14,6.24,2.23,3.9,2.35,.,.,19\
Vomit,9322,7.29,1.24,5.73,2.28,3.87,2.23,.,.,20\
Vomit,9325,7.3,1.23,6.01,2.54,3.22,1.96,.,.,17\
Vomit,9326,7.31,1.3,5.89,2.35,4.05,1.91,.,.,18\
Garbage,9330,7.31,1.74,4.35,2.07,4.33,1.93,.,.,5\
HomelessMan,9331,7.32,1.28,3.85,2,4.72,2.15,.,.,10\
CryingWoman,9332,7.32,1.33,5.34,2,3.63,1.79,.,.,20\
Garbage,9340,7.32,1.48,5.16,2.35,4.24,2.17,.,.,6\
Pollution,9341,7.33,1.89,4.5,2.1,.,.,4.39,2.06,13\
Pollution,9342,7.33,1.41,4.49,1.88,.,.,4.22,2.16,14\
EmptyPool,9360,7.33,1.38,2.63,1.75,5.34,2.08,.,.,10\
Garbage,9373,7.33,1.48,5.01,2.16,4.86,2.22,4.73,1.84,7\
Dishes,9390,7.34,1.58,4.14,2.52,5.22,1.97,.,.,5\
Dishes,9395,7.35,1.32,4.22,2.04,5.08,2.01,.,.,17\
Soldier,9400,7.35,1.61,5.99,2.15,3.78,2.15,.,.,4\
Knives,9401,7.36,1.31,3.88,1.98,5.29,1.88,.,.,8\
Mob,9402,7.37,2.12,5.07,2.15,4.85,2.12,.,.,8\
Soldiers,9403,7.37,1.69,5.62,1.87,3.49,2,.,.,17\
Soldiers,9404,7.38,1.67,4.67,2.26,4.48,2.19,.,.,8\
SlicedHand,9405,7.38,1.17,6.08,2.4,3.4,2.33,.,.,10\
MenW/guns,9409,7.38,1.76,5.61,2.15,.,.,4.07,2.33,14\
Soldier,9410,7.39,1.15,7.07,2.06,2.81,1.99,.,.,4\
Boy,9411,7.4,1.58,5.37,1.97,4.91,2.05,4.92,2.08,7\
DeadMan,9412,7.41,1.37,6.72,2.07,3,2.32,.,.,19\
Hanging,9413,7.41,1.08,6.81,2.09,2.75,2.21,.,.,19\
Execution,9414,7.43,1.48,6.49,2.26,3.11,2.23,.,.,17\
Handicapped,9415,7.44,2,4.91,2.35,4.22,2.24,.,.,8\
Ticket,9417,7.45,1.48,4.83,2.24,3.7,2.42,.,.,10\
Assault,9419,7.46,1.33,5.19,2.08,.,.,3.94,2.05,16\
Soldier,9420,7.47,1.59,5.69,2.28,3.27,2.19,.,.,4\
Soldier,9421,7.48,1.45,5.04,2.15,3.32,2.09,.,.,6\
Battleship,9422,7.48,1.72,5.09,1.92,4.89,2.25,.,.,20\
Assault,9423,7.49,1.51,5.66,2.15,.,.,3.43,2.13,16\
Bomb,9424,7.51,1.62,5.78,2.12,.,.,3.78,2.17,16\
Assault,9425,7.51,1.44,5.92,2.13,.,.,3.22,2.12,15\
Assault,9426,7.52,1.51,5.28,2.02,.,.,3.5,1.95,15\
Assault,9427,7.52,1.47,5.5,2.09,.,.,3.72,2.11,15\
Assault,9428,7.53,1.31,5.66,2.41,.,.,3.77,2.16,15\
Assault,9429,7.53,1.26,5.63,2.04,.,.,3.68,1.96,16\
Burial,9430,7.53,1.59,5.26,2.55,4.14,2.44,.,.,4\
Mastectomy,9432,7.54,1.66,4.92,2.28,3.83,2.13,3.24,1.72,7\
DeadMan,9433,7.54,1.19,5.89,2.6,3.37,2.16,.,.,10\
Accident,9435,7.55,1.47,5,2.03,.,.,3.64,2.15,13\
Skulls,9440,7.55,1.86,4.55,2.02,4.69,2.27,.,.,4\
Skeleton,9445,7.56,1.57,4.49,2.01,4.51,1.99,.,.,20\
Gun,9452,7.57,1.98,5.14,2.3,4.09,2.34,3.18,2.07,7\
Grafitti,9468,7.57,1.8,4.68,1.89,4.58,2.09,.,.,19\
Building,9469,7.57,1.5,4.08,1.85,4.92,2.05,.,.,18\
Ruins,9470,7.57,1.51,5.05,1.98,4.11,2.06,3.57,1.8,7\
BurntBldg,9471,7.58,1.35,4.48,2.02,.,.,4.22,2.13,14\
Bridge,9472,7.58,1.34,4.16,2,.,.,4.79,2.09,14\
Skull,9480,7.6,2.08,5.57,1.87,4.56,2.12,.,.,12\
Corpse,9490,7.61,1.72,5.57,2.13,4.12,1.78,.,.,5\
DeadBody,9491,7.61,1.71,5.69,2.22,3.64,2.31,.,.,20\
Fire,9495,7.61,1.75,5.57,2,.,.,4.16,2.29,14\
Porpoises,9500,7.62,1.73,5.82,2.29,3.42,2.31,.,.,4\
Kids,9520,7.63,1.61,5.41,2.27,4.01,2.06,.,.,6\
Boys,9530,7.63,1.84,5.2,2.26,4.32,2.14,.,.,5\
DuckInOil,9560,7.63,1.93,5.5,2.52,3.62,2.33,.,.,5\
SickKitty,9561,7.63,1.92,4.79,2.29,4.53,2.36,.,.,10\
Dog,9570,7.63,1.23,6.14,2.31,3.37,2.23,.,.,6\
Cat,9571,7.63,1.5,5.64,2.5,4.17,2.46,3.44,2.03,7\
DentalExam,9582,7.64,2.28,5.29,2.21,4.33,2.29,.,.,12\
DentalExam,9584,7.64,1.57,4.96,2.15,3.94,2.41,.,.,11\
Injecting,9590,7.65,1.63,5.41,2.23,4,2.13,.,.,17\
Injection,9592,7.68,1.75,5.23,2.09,4.14,2.28,.,.,12\
Injection,9594,7.69,1.7,5.17,2.17,4.43,2.25,.,.,11\
Injection,9596,7.69,1.68,5.13,2.32,4.31,2.27,.,.,18\
Injection,9599,7.7,1.51,5.43,2.04,4.22,2.17,.,.,20\
Ship,9600,7.73,1.62,6.46,2.31,2.27,1.64,.,.,5\
Accident,9610,7.74,1.43,5.23,2.14,3.82,2.05,.,.,18\
PlaneCrash,9611,7.75,1.95,5.75,2.44,3.67,2.23,.,.,8\
Shipwreck,9620,7.75,1.64,6.11,2.1,3.29,1.95,.,.,8\
Ship,9621,7.76,1.76,5.76,2.05,3.55,2.4,3.23,1.81,7\
Jet,9622,7.77,1.9,6.26,1.98,3.66,2.31,3.32,1.98,7\
Fire,9623,7.77,1.51,6.05,1.88,3.26,1.88,.,.,17\
Bomb,9630,7.8,1.72,6.06,2.22,2.98,2.13,.,.,6\
ManOnFire,9635.1,7.8,1.31,6.54,2.27,.,.,3.21,2.24,14\
Fire,9635.2,7.81,1.65,4.62,2.23,.,.,5.12,2.04,13\
Trash,9700,7.82,1.24,3.21,1.92,5.47,2.08,.,.,9\
Skinhead,9800,7.83,1.57,6.05,2.71,4.92,2.52,.,.,5\
KKKrally,9810,7.86,1.78,6.62,2.26,3.95,2.5,.,.,6\
Cigarettes,9830,7.87,1.75,4.86,2.63,4.96,2.38,.,.,6\
Cigarette,9831,7.9,1.72,4.61,2.34,6.04,2.16,.,.,18\
Cigarettes,9832,7.91,1.58,4.46,2.06,5.53,2.51,.,.,19\
CarAccident,9900,7.91,1.39,5.58,2.13,.,.,3.63,2.05,15\
CarAccident,9901,7.92,1.25,5.7,2.22,.,.,3.4,2.12,15\
CarAccident,9902,7.97,1.38,6,2.15,.,.,3.08,2.1,16\
CarAccident,9903,8,1.35,5.71,2.28,.,.,3.58,2.24,16\
CarAccident,9904,8.02,1.36,6.08,2.06,3.4,2.21,.,.,19\
CarAccident,9905,8.03,1.42,5.93,2.1,3.33,2.18,.,.,20\
CarAccident,9908,8.03,1.49,6.63,2.13,2.79,2.12,.,.,20\
BurningCar,9909,8.03,1.45,5.98,2.04,3.67,1.96,.,.,18\
CarAccident,9910,8.03,1.26,6.2,2.16,3.02,1.89,.,.,5\
CarAccident,9911,8.05,1.37,5.76,2.1,3.54,2.13,2.99,1.59,7\
Firefighter,9912,8.06,1.76,4.68,2.31,4.62,2.12,.,.,8\
Truck,9913,8.09,1.89,4.42,2.14,.,.,4.74,2.27,13\
CarAccident,9920,8.1,1.52,5.76,1.96,3.09,2.13,.,.,6\
Fire,9921,8.17,1.47,6.52,1.94,3.57,2.41,2.94,1.72,7\
Fire,9922,8.17,1.32,5.21,2.03,3.72,2.13,.,.,20\
Fire,9925,8.19,1.35,5.59,2.23,.,.,3.5,2.08,16\
Flood,9926,8.2,1.59,4.83,1.95,.,.,4.37,2,16\
Flood,9927,8.21,1.56,5.29,1.91,3.6,2.08,.,.,20\
ShipWave,9930,8.22,1.53,5.71,1.88,2.97,1.81,.,.,17\
Explosion,9940,8.28,1.2,7.15,2.24,2.45,2.22,.,.,20\
Fire,9941,8.34,1.54,5.83,2.14,3.28,2.16,.,.,18}
