ID,Category,Valence,Arousal
Animals_002_v,Animals,6.24,6.68
Animals_003_h,Animals,5.24,5.52
Animals_004_v,Animals,4.5,7.02
Animals_005_h,Animals,5.31,5.82
Animals_006_v,Animals,5.13,6.23
Animals_007_h,Animals,4.76,7.06
Animals_009_v,Animals,5.79,5.61
Animals_011_h,Animals,5,7.35
Animals_012_h,Animals,3.62,6.78
Animals_014_h,Animals,5.14,6
Animals_015_h,Animals,4.57,5.9
Animals_020_h,Animals,5.34,6.43
Animals_021_h,Animals,4.6,6.27
Animals_022_h,Animals,5.74,5.75
Animals_023_h,Animals,4.36,6.1
Animals_026_h,Animals,5.35,5.88
Animals_028_h,Animals,5.55,6.1
Animals_030_h,Animals,4.74,6.33
Animals_031_h,Animals,4.58,5.38
Animals_034_h,Animals,3.79,6.85
Animals_035_h,Animals,5.08,6.13
Animals_036_h,Animals,4.15,6
Animals_037_h,Animals,3.03,6.69
Animals_040_v,Animals,6.29,5.49
Animals_041_h,Animals,3.52,6.59
Animals_042_h,Animals,2.82,6.32
Animals_043_h,Animals,5.3,5.39
Animals_044_h,Animals,5.32,5.7
Animals_046_h,Animals,5.65,5.58
Animals_050_h,Animals,3.55,6.45
Animals_051_h,Animals,4.45,5.76
Animals_052_v,Animals,4.04,6.8
Animals_053_h,Animals,3.49,5.73
Animals_055_h,Animals,5.98,5.57
Animals_058_h,Animals,5.02,6.14
Animals_059_h,Animals,4.52,6.5
Animals_061_h,Animals,4.2,6.61
Animals_065_h,Animals,3.84,6
Animals_066_h,Animals,4.36,5.78
Animals_069_h,Animals,4.65,6.5
Animals_070_h,Animals,5.52,6.08
Animals_072_h,Animals,5,6.36
Animals_076_v,Animals,3.68,6.47
Animals_079_h,Animals,4.8,5.94
Animals_080_h,Animals,5.55,5.96
Animals_081_h,Animals,4.87,5.43
Animals_082_h,Animals,5.52,4.61
Animals_083_h,Animals,5.23,5.76
Animals_084_h,Animals,3.83,6.08
Animals_085_h,Animals,5.87,6.63
Animals_086_v,Animals,4.45,5.43
Animals_087_h,Animals,5.67,5.94
Animals_088_h,Animals,5.54,4.54
Animals_089_v,Animals,6.76,4.44
Animals_090_h,Animals,7.44,2.94
Animals_091_h,Animals,6.56,4.24
Animals_092_h,Animals,6.65,4.29
Animals_093_h,Animals,5.38,4.72
Animals_094_h,Animals,6.17,4.91
Animals_095_h,Animals,7.12,2.75
Animals_096_h,Animals,6.79,5
Animals_097_h,Animals,6.48,3.76
Animals_098_h,Animals,6.82,4.4
Animals_099_h,Animals,7.23,3.05
Animals_100_h,Animals,7.42,3.51
Animals_101_v,Animals,7.42,4.39
Animals_102_h,Animals,6.27,5.63
Animals_103_h,Animals,6.31,4.86
Animals_104_h,Animals,6.02,4.18
Animals_105_h,Animals,5.35,4.77
Animals_106_h,Animals,6.69,5.31
Animals_107_h,Animals,6.2,4.83
Animals_108_h,Animals,6.43,4.13
Animals_109_h,Animals,7.02,4.51
Animals_110_h,Animals,4.3,5.66
Animals_111_h,Animals,4.78,6.1
Animals_112_v,Animals,6.68,4.9
Animals_113_h,Animals,6.92,3.51
Animals_114_h,Animals,6.84,4.02
Animals_115_h,Animals,6.65,4.17
Animals_116_h,Animals,7.02,4.43
Animals_117_h,Animals,7.09,5.03
Animals_118_h,Animals,6.79,4.65
Animals_119_h,Animals,6.03,4.22
Animals_120_h,Animals,6.71,4.73
Animals_121_h,Animals,5.96,4.75
Animals_122_h,Animals,6.78,5.18
Animals_123_h,Animals,7.38,3.13
Animals_124_v,Animals,6.37,3.62
Animals_125_h,Animals,6.99,4.54
Animals_126_h,Animals,6.77,3.54
Animals_127_h,Animals,5.07,5.26
Animals_128_h,Animals,6.6,4.15
Animals_129_h,Animals,5.22,5.02
Animals_130_h,Animals,6.34,5.02
Animals_131_h,Animals,7.62,3.92
Animals_132_h,Animals,7.08,3.07
Animals_133_h,Animals,4.85,5.01
Animals_134_h,Animals,7.1,4.76
Animals_135_v,Animals,6.17,4.25
Animals_136_h,Animals,6.81,3.33
Animals_137_h,Animals,7.37,4.44
Animals_138_h,Animals,5.51,5.66
Animals_139_h,Animals,6.37,3.98
Animals_140_h,Animals,7.21,2.76
Animals_141_h,Animals,4.93,5.52
Animals_142_h,Animals,4.53,5.98
Animals_143_h,Animals,4.24,6.58
Animals_144_h,Animals,6.08,5.35
Animals_145_h,Animals,5.49,5.62
Animals_146_h,Animals,6.57,3.91
Animals_147_v,Animals,7.18,4.31
Animals_148_h,Animals,5.35,5.28
Animals_149_v,Animals,7,4.21
Animals_151_v,Animals,4.4,6.16
Animals_152_h,Animals,6.78,3.92
Animals_153_v,Animals,6.89,4.26
Animals_154_h,Animals,5.8,4.84
Animals_155_v,Animals,6.96,3.91
Animals_156_h,Animals,7.86,3.02
Animals_157_h,Animals,7.29,3.25
Animals_158_h,Animals,7.51,3.43
Animals_159_h,Animals,7.2,3.61
Animals_160_h,Animals,7.18,3.91
Animals_161_h,Animals,7.48,3.38
Animals_162_h,Animals,6.2,4.79
Animals_163_h,Animals,7.7,4.29
Animals_164_h,Animals,5.96,4.4
Animals_165_h,Animals,6.92,5.25
Animals_166_v,Animals,8.27,3.33
Animals_167_h,Animals,7.43,4.04
Animals_168_h,Animals,6.71,4.27
Animals_169_h,Animals,6.98,3.65
Animals_170_h,Animals,7,3.63
Animals_171_h,Animals,6.07,5.08
Animals_172_h,Animals,7.71,4.71
Animals_173_h,Animals,7.48,4.76
Animals_174_h,Animals,6.08,4.85
Animals_175_h,Animals,7.4,5.63
Animals_176_h,Animals,6.46,5.13
Animals_177_h,Animals,8.09,4.37
Animals_178_v,Animals,6.74,5.43
Animals_179_h,Animals,7.51,5.38
Animals_180_h,Animals,6.9,4.84
Animals_181_h,Animals,6.65,4.4
Animals_182_h,Animals,7.09,4.09
Animals_183_h,Animals,7.65,4.29
Animals_184_h,Animals,7.96,2.4
Animals_185_h,Animals,6.94,3.5
Animals_186_h,Animals,7.86,4.61
Animals_187_h,Animals,7.87,4.31
Animals_188_h,Animals,7.22,4.13
Animals_189_v,Animals,7.14,3.67
Animals_190_h,Animals,5.69,5.12
Animals_191_h,Animals,7.22,4.38
Animals_192_h,Animals,6.72,3.84
Animals_193_h,Animals,6.78,4.02
Animals_194_h,Animals,6.57,4.24
Animals_195_h,Animals,5.83,4.88
Animals_196_h,Animals,7.15,4.56
Animals_197_h,Animals,6.83,5.15
Animals_198_h,Animals,6.24,5.53
Animals_199_h,Animals,5.88,4.46
Animals_200_v,Animals,5.11,5.8
Animals_201_h,Animals,7.92,3.35
Animals_202_h,Animals,7,4.92
Animals_203_h,Animals,6.35,4.72
Animals_205_h,Animals,6.87,4.62
Animals_206_h,Animals,7.02,4.51
Animals_208_h,Animals,7.41,4.29
Animals_209_h,Animals,5.65,4.54
Animals_210_v,Animals,6.45,3.92
Animals_211_h,Animals,5.67,5.09
Animals_212_v,Animals,6.68,4.92
Animals_213_h,Animals,5.98,5.16
Animals_214_h,Animals,6.33,3.96
Animals_215_v,Animals,6.42,5.11
Animals_216_v,Animals,5.26,5.79
Animals_217_h,Animals,6.2,4.02
Animals_218_h,Animals,5.77,4.36
Animals_219_h,Animals,7.5,2.94
Animals_220_h,Animals,8.02,3.26
Animals_221_h,Animals,3.63,6.48
Faces_001_h,Faces,7.76,4.24
Faces_002_v,Faces,7.88,4.9
Faces_004_h,Faces,6.23,5.8
Faces_005_h,Faces,5.64,5.02
Faces_006_h,Faces,4.73,4.88
Faces_008_h,Faces,5.21,6
Faces_011_h,Faces,3.25,5.42
Faces_012_v,Faces,3.7,5.91
Faces_014_h,Faces,3.95,6.23
Faces_015_h,Faces,4.12,5.74
Faces_017_h,Faces,3.86,5.63
Faces_020_h,Faces,6.02,5.67
Faces_021_h,Faces,3.76,6.56
Faces_022_h,Faces,4.76,5.8
Faces_023_h,Faces,4.67,5.35
Faces_024_h,Faces,4.58,5.78
Faces_026_h,Faces,5.48,5.48
Faces_030_h,Faces,5.56,4.56
Faces_035_h,Faces,3.65,5.68
Faces_036_h,Faces,4.23,5.45
Faces_037_h,Faces,4.14,5.82
Faces_039_h,Faces,4.91,5.07
Faces_040_h,Faces,5.98,4.98
Faces_041_h,Faces,3.02,6.69
Faces_042_h,Faces,6.85,4.17
Faces_043_v,Faces,6.47,4.72
Faces_044_h,Faces,6.06,4.58
Faces_045_h,Faces,5.97,4.23
Faces_046_h,Faces,6.63,4.32
Faces_047_h,Faces,6.45,4.18
Faces_048_h,Faces,5.64,4.51
Faces_049_h,Faces,5.72,4.61
Faces_050_h,Faces,7.65,4.74
Faces_051_h,Faces,7.08,4.31
Faces_053_h,Faces,6.25,4.69
Faces_054_v,Faces,5.37,4.63
Faces_055_h,Faces,5.42,4.9
Faces_056_h,Faces,6.18,4.06
Faces_057_h,Faces,5.72,4.49
Faces_058_h,Faces,5.9,4.73
Faces_059_h,Faces,5.58,4.65
Faces_060_h,Faces,5.21,5.43
Faces_061_h,Faces,7.12,3.54
Faces_062_v,Faces,6.02,4.36
Faces_063_v,Faces,7.55,4.02
Faces_064_h,Faces,6.04,4.29
Faces_065_h,Faces,5.73,5.03
Faces_066_h,Faces,7.43,4.2
Faces_067_h,Faces,6.54,4.2
Faces_068_h,Faces,6.57,4.26
Faces_069_h,Faces,5.85,4.6
Faces_070_v,Faces,5.35,5.37
Faces_071_v,Faces,5.43,5.1
Faces_072_h,Faces,6.35,4.57
Faces_073_v,Faces,6.2,4.9
Faces_074_h,Faces,6.37,4.28
Faces_075_v,Faces,6.55,3.5
Faces_076_h,Faces,6.92,4.36
Faces_077_v,Faces,6.52,4.47
Faces_078_h,Faces,5.63,4.81
Faces_079_h,Faces,7.67,3.84
Faces_080_h,Faces,7.38,4.9
Faces_081_v,Faces,7.6,4.76
Faces_082_v,Faces,7.33,4.5
Faces_083_h,Faces,6.57,4.39
Faces_084_v,Faces,6.86,4.39
Faces_085_h,Faces,6.06,5.02
Faces_086_v,Faces,7.25,3.56
Faces_087_h,Faces,6.54,4.24
Faces_088_v,Faces,7.43,4.92
Faces_089_h,Faces,7.85,3.17
Faces_090_v,Faces,6.41,5.6
Faces_091_v,Faces,7.08,4.14
Faces_092_h,Faces,7.08,4.54
Faces_093_v,Faces,6.83,4.38
Faces_094_h,Faces,6.92,4.6
Faces_095_h,Faces,6.94,4.83
Faces_096_h,Faces,6.69,5.2
Faces_097_v,Faces,6.62,5
Faces_098_h,Faces,6.92,3.96
Faces_099_h,Faces,6.96,4.02
Faces_100_h,Faces,7.53,4.65
Faces_101_h,Faces,6.53,5.02
Faces_102_h,Faces,6.49,4.63
Faces_103_h,Faces,6.92,4.72
Faces_105_h,Faces,7.04,4.8
Faces_106_h,Faces,7.35,4.25
Faces_107_h,Faces,7.53,4.91
Faces_108_h,Faces,7.47,4.64
Faces_109_v,Faces,8.17,4.6
Faces_110_h,Faces,6.76,4.44
Faces_111_h,Faces,6.45,4.19
Faces_112_h,Faces,6.48,4.49
Faces_113_h,Faces,6.9,5.13
Faces_114_h,Faces,7.81,4.55
Faces_115_h,Faces,7.06,3.89
Faces_116_h,Faces,7.57,5.11
Faces_117_h,Faces,6.56,4.89
Faces_118_h,Faces,7.12,4.68
Faces_119_v,Faces,5.58,4.88
Faces_120_h,Faces,7.67,5.17
Faces_121_h,Faces,6.84,4.1
Faces_122_h,Faces,7.85,5.1
Faces_123_h,Faces,6.58,4.17
Faces_124_h,Faces,7.41,3.92
Faces_125_h,Faces,7.22,3.98
Faces_126_h,Faces,6.98,4.56
Faces_127_h,Faces,7.59,4.92
Faces_128_h,Faces,6.15,4.65
Faces_129_h,Faces,6.96,4.23
Faces_130_h,Faces,7.38,4.16
Faces_131_v,Faces,7.27,4.01
Faces_132_h,Faces,6.85,5.65
Faces_133_h,Faces,7.4,4.6
Faces_134_h,Faces,7.43,5.68
Faces_135_h,Faces,7.35,4.84
Faces_136_v,Faces,7.46,5.2
Faces_137_h,Faces,7.48,4.59
Faces_138_h,Faces,6.63,4.19
Faces_139_v,Faces,6.98,4.42
Faces_140_h,Faces,7.63,4.68
Faces_142_h,Faces,4.3,5.71
Faces_144_h,Faces,4.46,6.08
Faces_146_h,Faces,3.07,6.42
Faces_148_h,Faces,3.71,6
Faces_150_h,Faces,3.34,6
Faces_152_h,Faces,2.71,6.6
Faces_154_h,Faces,4.06,5.64
Faces_155_h,Faces,3.98,5.17
Faces_156_h,Faces,4.61,5.85
Faces_157_h,Faces,4.25,4.61
Faces_158_h,Faces,3.42,6.45
Faces_161_h,Faces,4.22,5.49
Faces_162_h,Faces,4.16,5.68
Faces_163_h,Faces,3.98,6.35
Faces_164_h,Faces,3.18,6.27
Faces_165_v,Faces,3.94,5.83
Faces_166_h,Faces,4.72,4.8
Faces_167_v,Faces,4.84,4.39
Faces_168_h,Faces,4.44,5.53
Faces_169_v,Faces,4.47,4.98
Faces_171_v,Faces,4.75,5.13
Faces_172_h,Faces,2.45,6.84
Faces_173_v,Faces,3.19,5.98
Faces_175_v,Faces,3.54,5.43
Faces_176_h,Faces,3.44,6.11
Faces_177_v,Faces,4.47,5.91
Faces_178_h,Faces,6.7,4.36
Faces_179_v,Faces,6.9,4.27
Faces_180_h,Faces,5.27,4.67
Faces_181_v,Faces,6.72,3.55
Faces_182_h,Faces,5.83,4.78
Faces_183_v,Faces,5.4,4.39
Faces_184_h,Faces,6.24,4.73
Faces_185_v,Faces,5.4,4.78
Faces_186_h,Faces,6.31,4.39
Faces_187_v,Faces,5.25,4.56
Faces_188_h,Faces,6.04,4.68
Faces_189_v,Faces,5.56,4.92
Faces_190_h,Faces,4.8,4.93
Faces_191_v,Faces,5.21,4.73
Faces_192_h,Faces,5.43,4.78
Faces_193_v,Faces,5.17,4.69
Faces_194_h,Faces,5.23,4.9
Faces_195_v,Faces,5.71,3.69
Faces_196_h,Faces,5.75,4.36
Faces_197_v,Faces,4.56,4.82
Faces_198_h,Faces,4.72,4.91
Faces_199_v,Faces,6.32,3.61
Faces_200_h,Faces,5.57,4.5
Faces_201_v,Faces,5.3,4.78
Faces_202_v,Faces,4.56,4.85
Faces_203_h,Faces,6.11,4.2
Faces_204_v,Faces,4.23,5.09
Faces_205_h,Faces,5.66,4.62
Faces_206_v,Faces,5.58,4.65
Faces_207_h,Faces,5.96,4.5
Faces_208_h,Faces,5.56,4.6
Faces_209_h,Faces,5.82,4.58
Faces_210_h,Faces,6.38,4.43
Faces_211_h,Faces,5.48,5.06
Faces_212_h,Faces,4.52,5.1
Faces_213_v,Faces,5.84,4.98
Faces_214_h,Faces,6.3,3.83
Faces_215_v,Faces,4.67,4.85
Faces_216_h,Faces,4.91,4.85
Faces_217_v,Faces,5.83,4.78
Faces_218_h,Faces,4.96,4.85
Faces_219_v,Faces,6.49,4.06
Faces_220_h,Faces,4.73,4.8
Faces_221_v,Faces,5.65,5.07
Faces_222_h,Faces,5.67,4.57
Faces_223_v,Faces,5.83,4.94
Faces_224_h,Faces,5.78,4.24
Faces_225_v,Faces,5.51,4.88
Faces_226_h,Faces,5.97,4.64
Faces_227_v,Faces,7.25,4.21
Faces_228_h,Faces,7.26,3.63
Faces_229_v,Faces,6.67,4.13
Faces_230_h,Faces,6,4.82
Faces_231_v,Faces,6.68,4.2
Faces_232_h,Faces,7.26,4.98
Faces_233_v,Faces,5.74,4.65
Faces_234_h,Faces,7.37,5.76
Faces_235_v,Faces,7.4,4.81
Faces_236_h,Faces,6.72,5.4
Faces_237_v,Faces,6.49,4.24
Faces_238_h,Faces,6.97,4.42
Faces_239_v,Faces,6.27,5.2
Faces_240_h,Faces,6.61,5.36
Faces_241_v,Faces,6.68,4.44
Faces_242_h,Faces,6.98,4.63
Faces_243_v,Faces,6.97,3.49
Faces_244_h,Faces,6.84,4
Faces_245_v,Faces,6.47,5.24
Faces_246_v,Faces,6.86,4.78
Faces_247_h,Faces,6.41,4.85
Faces_248_v,Faces,6.94,4.42
Faces_249_v,Faces,6.75,3.45
Faces_250_h,Faces,5.73,5.33
Faces_251_v,Faces,5.71,4.57
Faces_252_h,Faces,7.35,4.54
Faces_253_v,Faces,6.87,4.84
Faces_254_h,Faces,6.85,4.43
Faces_255_v,Faces,5.95,5.11
Faces_256_h,Faces,6.89,4.53
Faces_257_v,Faces,7.06,4.28
Faces_258_h,Faces,6.5,4.77
Faces_259_v,Faces,6.02,4.88
Faces_260_h,Faces,7.14,4.71
Faces_261_v,Faces,6.94,5.25
Faces_262_h,Faces,6.71,4.73
Faces_263_v,Faces,7,4.29
Faces_267_v,Faces,5.69,5.47
Faces_276_h,Faces,5.48,4.9
Faces_277_h,Faces,4.77,6.58
Faces_278_h,Faces,4.46,5.33
Faces_279_h,Faces,3.94,5.64
Faces_281_h,Faces,4.5,5
Faces_282_h,Faces,6.45,5.94
Faces_283_h,Faces,2.48,7.26
Faces_285_h,Faces,3.29,6.1
Faces_286_h,Faces,5.09,5.96
Faces_287_h,Faces,3.13,6.65
Faces_288_h,Faces,3.51,5.92
Faces_289_h,Faces,4.69,5.22
Faces_290_h,Faces,2.77,6.27
Faces_294_h,Faces,3.1,6.06
Faces_295_h,Faces,6.02,6.35
Faces_296_h,Faces,3.64,5.76
Faces_297_h,Faces,5.24,6.57
Faces_299_h,Faces,4.35,6.48
Faces_301_h,Faces,4.57,4.96
Faces_302_h,Faces,3.02,6.13
Faces_303_h,Faces,3.15,5.89
Faces_304_h,Faces,6.9,5
Faces_305_h,Faces,4.93,4.98
Faces_306_v,Faces,5.41,4.8
Faces_307_v,Faces,5.98,4.38
Faces_308_h,Faces,5.76,5.16
Faces_309_h,Faces,5.25,4.84
Faces_310_v,Faces,6.48,4.54
Faces_311_h,Faces,5.43,4.76
Faces_312_h,Faces,5.04,4.63
Faces_313_h,Faces,6.61,5.53
Faces_314_h,Faces,6.49,5.4
Faces_315_h,Faces,5.69,4.46
Faces_316_h,Faces,6.72,5.18
Faces_317_v,Faces,5.96,4.64
Faces_318_v,Faces,6.06,4.49
Faces_319_v,Faces,5.83,4.51
Faces_320_v,Faces,5.06,4.98
Faces_321_h,Faces,7.34,6.21
Faces_322_v,Faces,6.8,5.38
Faces_323_h,Faces,6.8,4.76
Faces_324_h,Faces,7.14,4.15
Faces_325_v,Faces,7,5
Faces_326_h,Faces,6.63,4.56
Faces_327_v,Faces,6.55,4.47
Faces_328_v,Faces,6.36,4.85
Faces_329_h,Faces,6.19,5.35
Faces_331_h,Faces,6.6,4.54
Faces_332_v,Faces,6.91,5.18
Faces_333_h,Faces,7.02,4.1
Faces_334_h,Faces,6.56,5.06
Faces_335_h,Faces,6.23,4.63
Faces_336_h,Faces,5.66,4.75
Faces_337_h,Faces,7.11,4.28
Faces_338_h,Faces,6.23,4.83
Faces_339_h,Faces,6.29,4.53
Faces_340_h,Faces,7.29,4.97
Faces_341_h,Faces,6.02,4.54
Faces_342_h,Faces,7.13,5.45
Faces_343_h,Faces,6.1,4.22
Faces_344_h,Faces,6.83,4.5
Faces_346_v,Faces,7.67,4.28
Faces_347_h,Faces,7,5.74
Faces_348_h,Faces,6.69,5.63
Faces_349_h,Faces,7.18,5.1
Faces_350_h,Faces,7.48,4.39
Faces_351_h,Faces,7.56,4.31
Faces_352_h,Faces,7.17,5.61
Faces_353_h,Faces,7.42,4.76
Faces_354_v,Faces,7.41,4.77
Faces_355_h,Faces,6.08,4.57
Faces_356_h,Faces,7.65,5.34
Faces_357_v,Faces,7,4.37
Faces_358_h,Faces,7.49,4.15
Faces_359_h,Faces,6.73,5.45
Faces_360_v,Faces,6.86,4.9
Faces_361_v,Faces,7.09,5.82
Faces_370_h,Faces,3.69,6.25
Faces_372_h,Faces,3.76,5.72
Landscapes_003_v,Landscapes,4.06,5.94
Landscapes_004_h,Landscapes,3.1,5.75
Landscapes_005_h,Landscapes,3.13,6.66
Landscapes_006_h,Landscapes,3.92,4.98
Landscapes_007_h,Landscapes,2.93,6.33
Landscapes_008_h,Landscapes,7.4,4.41
Landscapes_009_h,Landscapes,6.46,4
Landscapes_010_h,Landscapes,3.29,5.33
Landscapes_011_h,Landscapes,3.52,5.63
Landscapes_012_h,Landscapes,4.4,4.62
Landscapes_013_v,Landscapes,4.35,5.07
Landscapes_014_h,Landscapes,3.33,5.51
Landscapes_015_h,Landscapes,4.59,4.94
Landscapes_016_h,Landscapes,5.13,4.09
Landscapes_017_h,Landscapes,3.21,5.89
Landscapes_018_h,Landscapes,6.19,4.24
Landscapes_019_h,Landscapes,5.18,4.31
Landscapes_020_h,Landscapes,4.65,5.02
Landscapes_021_h,Landscapes,7.6,3.73
Landscapes_022_h,Landscapes,2.75,6.85
Landscapes_023_h,Landscapes,6.66,4.49
Landscapes_024_v,Landscapes,4.8,4.36
Landscapes_025_h,Landscapes,3.73,6.1
Landscapes_026_h,Landscapes,2.48,6.41
Landscapes_027_v,Landscapes,4.43,5.36
Landscapes_028_h,Landscapes,3.83,5.19
Landscapes_029_v,Landscapes,3.3,6.04
Landscapes_030_v,Landscapes,3.85,5.46
Landscapes_031_h,Landscapes,5.59,4.47
Landscapes_032_v,Landscapes,4.29,5.32
Landscapes_033_h,Landscapes,4.52,5.42
Landscapes_034_h,Landscapes,7.04,4.23
Landscapes_035_v,Landscapes,7.55,3.9
Landscapes_036_h,Landscapes,5.2,4.88
Landscapes_037_v,Landscapes,5.87,3.98
Landscapes_038_h,Landscapes,7.25,3.65
Landscapes_039_v,Landscapes,3.53,5.51
Landscapes_040_h,Landscapes,5.89,4.57
Landscapes_041_h,Landscapes,6.81,4.13
Landscapes_042_h,Landscapes,5.98,4.35
Landscapes_043_h,Landscapes,4.8,5.11
Landscapes_044_h,Landscapes,5.13,4.46
Landscapes_045_h,Landscapes,4.1,5.8
Landscapes_046_h,Landscapes,5.91,3.16
Landscapes_047_v,Landscapes,6.49,5.02
Landscapes_048_h,Landscapes,6.74,3.37
Landscapes_049_h,Landscapes,7.24,2.88
Landscapes_050_h,Landscapes,6.87,2.98
Landscapes_051_h,Landscapes,6.29,4.06
Landscapes_052_h,Landscapes,6.53,4.71
Landscapes_053_h,Landscapes,6.46,4.52
Landscapes_054_h,Landscapes,7.6,2.94
Landscapes_055_h,Landscapes,6.02,4.16
Landscapes_056_h,Landscapes,4.82,4.77
Landscapes_057_h,Landscapes,5.48,5.25
Landscapes_058_h,Landscapes,4.04,5.4
Landscapes_059_v,Landscapes,7,4.51
Landscapes_060_h,Landscapes,5.21,4.27
Landscapes_061_h,Landscapes,4.98,4.59
Landscapes_062_h,Landscapes,6.86,4.04
Landscapes_063_h,Landscapes,5.49,4.63
Landscapes_064_h,Landscapes,7.56,3.31
Landscapes_065_h,Landscapes,6.47,3.61
Landscapes_066_h,Landscapes,3.92,5.5
Landscapes_067_h,Landscapes,4.98,4.76
Landscapes_068_h,Landscapes,3.58,5.63
Landscapes_069_v,Landscapes,6.09,4.29
Landscapes_070_h,Landscapes,3.96,5.53
Landscapes_071_h,Landscapes,6.19,3.82
Landscapes_072_h,Landscapes,5.83,4
Landscapes_073_h,Landscapes,6.17,4.35
Landscapes_074_h,Landscapes,4.04,4.98
Landscapes_075_h,Landscapes,6.15,4.17
Landscapes_076_h,Landscapes,5.06,4.58
Landscapes_077_v,Landscapes,4.64,4.65
Landscapes_078_h,Landscapes,4.5,4.86
Landscapes_079_v,Landscapes,5.09,4.76
Landscapes_080_h,Landscapes,5.46,4.35
Landscapes_081_h,Landscapes,5.48,4.9
Landscapes_082_v,Landscapes,6.45,4.16
Landscapes_083_h,Landscapes,5.76,4.18
Landscapes_084_v,Landscapes,5.4,4.69
Landscapes_085_h,Landscapes,6.77,3.57
Landscapes_086_v,Landscapes,6.4,4.45
Landscapes_087_h,Landscapes,6.17,4.9
Landscapes_088_v,Landscapes,7.31,3.98
Landscapes_089_h,Landscapes,6.62,3.35
Landscapes_090_h,Landscapes,7.06,3.38
Landscapes_091_h,Landscapes,5.16,4.57
Landscapes_092_h,Landscapes,6.12,4.9
Landscapes_093_h,Landscapes,5.41,4.56
Landscapes_094_h,Landscapes,7.06,3.37
Landscapes_095_h,Landscapes,6.46,4.87
Landscapes_096_h,Landscapes,7.89,3.21
Landscapes_097_v,Landscapes,7.6,2.71
Landscapes_098_h,Landscapes,7.87,2.56
Landscapes_099_v,Landscapes,6.66,3.44
Landscapes_100_h,Landscapes,6.88,3.8
Landscapes_101_v,Landscapes,6.39,3.43
Landscapes_102_h,Landscapes,7.18,3.9
Landscapes_103_v,Landscapes,7.83,2.43
Landscapes_104_h,Landscapes,7.2,2.8
Landscapes_105_v,Landscapes,7.51,2.63
Landscapes_106_v,Landscapes,6.5,3.04
Landscapes_107_h,Landscapes,6.79,3.45
Landscapes_108_v,Landscapes,6.8,3.46
Landscapes_109_h,Landscapes,7.16,3.14
Landscapes_110_v,Landscapes,7.04,3.86
Landscapes_111_h,Landscapes,5.48,4.13
Landscapes_112_v,Landscapes,6.84,3.34
Landscapes_113_h,Landscapes,7.67,3.49
Landscapes_114_v,Landscapes,7.21,3.19
Landscapes_115_v,Landscapes,6.71,3.57
Landscapes_116_v,Landscapes,8.05,3.44
Landscapes_117_h,Landscapes,7.78,3.57
Landscapes_118_v,Landscapes,3.08,6.69
Landscapes_119_h,Landscapes,6.6,3.47
Landscapes_120_v,Landscapes,8.31,2.04
Landscapes_121_h,Landscapes,7.74,3.2
Landscapes_122_v,Landscapes,7.7,2.06
Landscapes_123_h,Landscapes,8.15,2.11
Landscapes_124_h,Landscapes,7.06,3.85
Landscapes_125_h,Landscapes,7.34,3.59
Landscapes_126_h,Landscapes,7.06,3.38
Landscapes_127_h,Landscapes,6.95,3.55
Landscapes_128_h,Landscapes,7.42,3.24
Landscapes_129_v,Landscapes,5.82,4.83
Landscapes_130_h,Landscapes,5.66,4.22
Landscapes_131_h,Landscapes,7.32,2.53
Landscapes_132_h,Landscapes,7.87,3.31
Landscapes_133_h,Landscapes,7.3,3.59
Landscapes_134_h,Landscapes,7.66,3.9
Landscapes_135_h,Landscapes,5.58,4.27
Landscapes_136_h,Landscapes,6.29,4.29
Landscapes_137_h,Landscapes,7.61,2.92
Landscapes_138_h,Landscapes,7.68,3.47
Landscapes_139_h,Landscapes,2.43,6.44
Landscapes_140_v,Landscapes,7.89,3.94
Landscapes_141_h,Landscapes,8.04,2.2
Landscapes_142_h,Landscapes,7.67,3.85
Landscapes_143_h,Landscapes,7.02,3.91
Landscapes_144_h,Landscapes,5.73,4.61
Landscapes_145_h,Landscapes,6.56,4.4
Landscapes_146_h,Landscapes,7.56,3.16
Landscapes_147_h,Landscapes,7.39,3.12
Landscapes_148_h,Landscapes,7.28,3.08
Landscapes_149_h,Landscapes,6.96,3.76
Landscapes_150_v,Landscapes,6.86,3.76
Landscapes_151_h,Landscapes,7.48,3.43
Landscapes_152_h,Landscapes,7.52,3.66
Landscapes_153_h,Landscapes,7.46,2.98
Landscapes_154_h,Landscapes,8.27,3.27
Landscapes_155_h,Landscapes,6.44,4.26
Landscapes_156_h,Landscapes,4.19,5.36
Landscapes_157_h,Landscapes,7.73,3.56
Landscapes_158_h,Landscapes,7.39,2.72
Landscapes_159_h,Landscapes,4.7,4.88
Landscapes_160_v,Landscapes,6.6,3.49
Landscapes_161_h,Landscapes,7.58,4.08
Landscapes_162_h,Landscapes,7.27,3.52
Landscapes_163_h,Landscapes,7.02,3.02
Landscapes_164_h,Landscapes,7.33,3.1
Landscapes_165_h,Landscapes,8.22,2.57
Landscapes_166_h,Landscapes,7.56,3.58
Landscapes_167_h,Landscapes,7.53,3.2
Landscapes_168_h,Landscapes,7.94,2.5
Landscapes_169_h,Landscapes,6.34,3.61
Landscapes_170_h,Landscapes,4.84,5.23
Landscapes_171_v,Landscapes,7.29,3.6
Landscapes_172_h,Landscapes,6.64,3.27
Landscapes_173_h,Landscapes,7.43,3.62
Landscapes_174_h,Landscapes,7.69,3.1
Landscapes_175_h,Landscapes,7.79,2.21
Landscapes_176_h,Landscapes,7.51,2.6
Landscapes_177_h,Landscapes,3.15,7.08
Landscapes_178_h,Landscapes,7.69,4.02
Landscapes_179_h,Landscapes,7.14,3.32
Landscapes_180_h,Landscapes,8.54,2.9
Landscapes_181_h,Landscapes,4.61,5.15
Landscapes_182_v,Landscapes,6.5,3.94
Landscapes_183_h,Landscapes,8.31,3.35
Landscapes_184_h,Landscapes,6.37,4.08
Landscapes_185_v,Landscapes,7.86,2.54
Objects_002_h,Objects,2.66,6.27
Objects_003_h,Objects,2.39,6.79
Objects_004_h,Objects,3.05,6.47
Objects_008_h,Objects,5.28,5.59
Objects_009_h,Objects,4.73,5.53
Objects_010_h,Objects,4.5,4.93
Objects_011_h,Objects,2.87,5.89
Objects_014_h,Objects,5.12,5.73
Objects_016_h,Objects,6.28,4.82
Objects_020_h,Objects,5.91,4.31
Objects_022_h,Objects,3.04,6.54
Objects_024_v,Objects,5.28,5.45
Objects_025_h,Objects,6.8,4.73
Objects_026_v,Objects,5.79,4.62
Objects_028_v,Objects,6.17,4.31
Objects_029_h,Objects,5.96,5.19
Objects_030_v,Objects,6.87,4.12
Objects_031_h,Objects,5.98,5.27
Objects_032_v,Objects,6.65,4.51
Objects_033_h,Objects,6.73,4.35
Objects_034_v,Objects,6.12,4.86
Objects_035_h,Objects,4.69,5.57
Objects_036_v,Objects,4.5,5.53
Objects_037_h,Objects,7.23,5.42
Objects_038_v,Objects,6.16,4.36
Objects_039_h,Objects,3.49,5.71
Objects_040_v,Objects,6.98,4.87
Objects_041_h,Objects,7,4.7
Objects_042_h,Objects,6.1,5.08
Objects_043_h,Objects,5.92,4.23
Objects_044_v,Objects,6.02,3.7
Objects_045_h,Objects,4.8,5.37
Objects_046_h,Objects,5.14,5.71
Objects_047_h,Objects,5.82,5.04
Objects_048_h,Objects,6.61,5
Objects_049_h,Objects,5.46,5.17
Objects_050_h,Objects,5.06,5.2
Objects_051_h,Objects,6.27,5.04
Objects_052_h,Objects,7,4.9
Objects_053_h,Objects,4.37,5.85
Objects_054_h,Objects,5.9,4.45
Objects_056_h,Objects,6.56,4.63
Objects_057_h,Objects,4.94,5.48
Objects_058_h,Objects,6.09,4.67
Objects_059_h,Objects,4.86,5.31
Objects_060_h,Objects,4.73,5.13
Objects_061_h,Objects,6.02,5.12
Objects_062_h,Objects,5.85,5.41
Objects_063_v,Objects,6.98,5.13
Objects_064_v,Objects,5.87,5.21
Objects_065_h,Objects,5.15,5.63
Objects_066_v,Objects,6.04,5
Objects_067_h,Objects,5.02,5.43
Objects_068_v,Objects,5.24,4.8
Objects_069_h,Objects,6.8,5.47
Objects_070_v,Objects,6.35,5.36
Objects_071_h,Objects,4.98,5.06
Objects_072_v,Objects,6.63,5.1
Objects_073_h,Objects,6.78,4.53
Objects_074_v,Objects,7.55,4.85
Objects_075_h,Objects,6.97,4.94
Objects_076_v,Objects,7.25,4.89
Objects_077_h,Objects,7.71,4.35
Objects_078_h,Objects,6.94,5.37
Objects_079_h,Objects,6.94,4.83
Objects_080_h,Objects,7.55,5.2
Objects_081_h,Objects,7.16,5.28
Objects_082_h,Objects,6.49,4.72
Objects_083_h,Objects,6.18,5.07
Objects_084_v,Objects,7.81,3.51
Objects_085_h,Objects,6.75,4.82
Objects_086_h,Objects,7.15,4.26
Objects_088_h,Objects,3.55,5.67
Objects_089_h,Objects,5.09,4.93
Objects_090_h,Objects,5.73,4.44
Objects_091_h,Objects,6.28,4.44
Objects_092_v,Objects,6.02,5.96
Objects_093_h,Objects,5.78,4.72
Objects_094_v,Objects,6.45,4.72
Objects_095_h,Objects,6.42,4.49
Objects_096_v,Objects,7.46,4.02
Objects_097_h,Objects,7.21,4.76
Objects_099_h,Objects,6.4,4.18
Objects_100_v,Objects,7.05,4.98
Objects_101_h,Objects,7.37,4.51
Objects_102_v,Objects,6.69,5.1
Objects_104_v,Objects,6.68,5.24
Objects_106_v,Objects,3.94,5.48
Objects_107_h,Objects,4.04,5.46
Objects_108_v,Objects,4.83,5
Objects_109_h,Objects,3.59,5.58
Objects_110_v,Objects,3.36,5.77
Objects_111_h,Objects,3.32,5.88
Objects_112_h,Objects,4.97,4.53
Objects_113_h,Objects,4.43,5.71
Objects_114_h,Objects,3.84,5.36
Objects_116_v,Objects,4.02,4.52
Objects_117_h,Objects,3.64,5.7
Objects_120_h,Objects,3.58,5.56
Objects_122_h,Objects,4.08,5
Objects_123_h,Objects,3.66,5.75
Objects_124_h,Objects,4.6,5.18
Objects_125_h,Objects,2.02,6.2
Objects_128_h,Objects,4.04,5.2
Objects_129_h,Objects,6.26,4.53
Objects_130_h,Objects,4.98,4.69
Objects_133_h,Objects,4.15,5.61
Objects_134_h,Objects,4.32,4.84
Objects_135_h,Objects,3.92,5.06
Objects_136_h,Objects,3.96,5.39
Objects_138_h,Objects,4.46,5.94
Objects_140_h,Objects,3.79,5.09
Objects_141_h,Objects,3.54,5.46
Objects_142_h,Objects,3.68,5.83
Objects_144_h,Objects,3,5.68
Objects_146_h,Objects,4.48,4.88
Objects_150_h,Objects,3.64,5.94
Objects_151_h,Objects,3.82,5.35
Objects_152_v,Objects,5.19,5.1
Objects_153_h,Objects,3.61,5.42
Objects_155_h,Objects,3.73,5.49
Objects_156_v,Objects,4.06,5.3
Objects_157_h,Objects,2.93,6.04
Objects_158_h,Objects,3.45,5.88
Objects_159_v,Objects,4.17,5.04
Objects_160_h,Objects,5.41,5.73
Objects_161_v,Objects,5.44,4.48
Objects_162_h,Objects,5.44,4.98
Objects_163_v,Objects,5.53,4.72
Objects_164_h,Objects,4.25,5.12
Objects_165_v,Objects,4.48,5.77
Objects_166_h,Objects,5.83,4.59
Objects_167_v,Objects,5.66,4.63
Objects_168_v,Objects,5.51,5
Objects_169_h,Objects,6.37,4.28
Objects_170_v,Objects,3.46,5.88
Objects_171_h,Objects,7.06,5.39
Objects_172_v,Objects,5.31,4.86
Objects_173_h,Objects,3.76,5.31
Objects_174_v,Objects,6.62,5.04
Objects_175_h,Objects,4.43,5
Objects_176_v,Objects,5.15,5
Objects_177_h,Objects,4.57,5.24
Objects_178_v,Objects,5.7,4.28
Objects_179_h,Objects,4.85,4.98
Objects_180_v,Objects,7.17,3.1
Objects_181_h,Objects,4.34,5.6
Objects_182_v,Objects,3.91,5.53
Objects_183_h,Objects,6.69,4.33
Objects_184_v,Objects,4.18,5.05
Objects_185_h,Objects,5.18,5.04
Objects_186_v,Objects,4.55,4.83
Objects_187_h,Objects,4.73,4.96
Objects_188_v,Objects,3.45,5.49
Objects_189_h,Objects,5.07,4.93
Objects_190_h,Objects,7.2,3.6
Objects_191_v,Objects,5.23,4.63
Objects_192_h,Objects,7.18,4.11
Objects_193_v,Objects,6,5.26
Objects_194_h,Objects,4.73,5.13
Objects_195_v,Objects,6.47,3.68
Objects_196_h,Objects,5.09,4.96
Objects_197_v,Objects,5,5.13
Objects_198_h,Objects,6.02,4.45
Objects_199_v,Objects,6.32,4
Objects_200_h,Objects,5.78,4.47
Objects_201_v,Objects,6,3.91
Objects_202_h,Objects,4.14,6.16
Objects_203_v,Objects,6,4.82
Objects_204_h,Objects,5.13,4.63
Objects_205_h,Objects,6.51,4.59
Objects_206_h,Objects,3.89,5.43
Objects_207_h,Objects,3.78,5.13
Objects_208_h,Objects,5.13,4.92
Objects_209_h,Objects,5.8,4.68
Objects_210_h,Objects,4.85,4.63
Objects_211_h,Objects,5.09,4.87
Objects_212_h,Objects,3.76,5.73
Objects_213_h,Objects,4.95,5.25
Objects_214_h,Objects,5.78,4.11
Objects_215_v,Objects,4.08,5.22
Objects_216_h,Objects,4.61,5.26
Objects_217_h,Objects,6.57,4.41
Objects_218_h,Objects,3.41,5.84
Objects_219_h,Objects,5.92,4.25
Objects_220_h,Objects,5.89,4.01
Objects_221_h,Objects,5.61,4.87
Objects_222_h,Objects,4.73,5.02
Objects_223_h,Objects,5.2,4.82
Objects_224_h,Objects,4.89,4.91
Objects_225_h,Objects,4.13,5.33
Objects_226_h,Objects,4.98,5
Objects_227_v,Objects,5.57,4.52
Objects_228_h,Objects,4.55,5.26
Objects_229_h,Objects,3.9,5.7
Objects_230_h,Objects,5.32,5.07
Objects_231_h,Objects,5.21,4.64
Objects_232_h,Objects,3.55,5.63
Objects_233_h,Objects,3.57,5.83
Objects_234_h,Objects,4.43,4.97
Objects_235_h,Objects,3.96,5.27
Objects_236_h,Objects,4.06,5.09
Objects_237_h,Objects,5.5,4.27
Objects_238_h,Objects,4.65,5.24
Objects_239_v,Objects,5,4.74
Objects_240_h,Objects,6.37,4.65
Objects_241_h,Objects,5.94,4.69
Objects_242_h,Objects,4.09,5.17
Objects_243_h,Objects,3.52,5.65
Objects_244_h,Objects,5.07,4.98
Objects_245_h,Objects,5.2,4.88
Objects_246_h,Objects,4.9,4.73
Objects_247_h,Objects,5.17,4.81
Objects_248_h,Objects,4.37,5.15
Objects_249_v,Objects,5.58,4.27
Objects_250_h,Objects,5.98,4.91
Objects_251_v,Objects,4.83,4.74
Objects_252_h,Objects,4.41,5.28
Objects_253_v,Objects,3.64,5.51
Objects_254_h,Objects,7,4.66
Objects_255_v,Objects,6.13,4.57
Objects_256_h,Objects,6.48,4.19
Objects_257_h,Objects,5.68,4.37
Objects_258_h,Objects,5.78,4.56
Objects_259_h,Objects,5.93,4.72
Objects_260_h,Objects,6.75,4.45
Objects_261_h,Objects,6.2,5.02
Objects_262_h,Objects,6.81,4.62
Objects_263_h,Objects,6.98,4.43
Objects_264_v,Objects,6.6,5.08
Objects_265_h,Objects,6.19,4.38
Objects_266_h,Objects,6.36,5.07
Objects_267_v,Objects,6.65,4.44
Objects_268_h,Objects,6.31,4.41
Objects_269_h,Objects,5.46,5.24
Objects_270_h,Objects,6.98,4.32
Objects_271_h,Objects,5.98,4.36
Objects_272_h,Objects,7.06,4.52
Objects_273_h,Objects,6.16,4.84
Objects_274_h,Objects,5.12,5.62
Objects_275_v,Objects,3.58,5.82
Objects_276_h,Objects,5.41,4.55
Objects_277_h,Objects,4.59,4.98
Objects_278_h,Objects,5.48,4.49
Objects_279_h,Objects,5.43,4.88
Objects_280_v,Objects,4.82,5.07
Objects_281_h,Objects,4.56,4.96
Objects_282_h,Objects,4.36,5.09
Objects_283_h,Objects,2.62,6.89
Objects_284_h,Objects,3.77,5.96
Objects_286_h,Objects,4.33,5.42
Objects_287_h,Objects,4.06,5.26
Objects_288_h,Objects,5.93,4.9
Objects_289_h,Objects,5.92,4.89
Objects_290_h,Objects,6.49,5.96
Objects_291_h,Objects,7.04,6.79
Objects_292_h,Objects,5.75,4.83
Objects_293_h,Objects,4.65,5.23
Objects_294_h,Objects,5.94,4.9
Objects_295_h,Objects,5.71,4.57
Objects_296_h,Objects,5.15,4.98
Objects_297_h,Objects,6,4.28
Objects_298_h,Objects,4.67,5.46
Objects_299_h,Objects,5.08,4.92
Objects_300_h,Objects,6.55,6.41
Objects_301_h,Objects,6.17,5.92
Objects_302_h,Objects,5.65,4.75
Objects_303_h,Objects,5.92,4.57
Objects_304_h,Objects,6.21,4.31
Objects_305_h,Objects,5.87,4.78
Objects_306_h,Objects,5.41,4.78
Objects_307_v,Objects,5.07,4.79
Objects_308_h,Objects,5.02,4.83
Objects_309_h,Objects,6,5.32
Objects_310_h,Objects,5.28,4.66
Objects_311_h,Objects,5.04,4.98
Objects_312_h,Objects,5.16,4.89
Objects_313_h,Objects,5.46,4.41
Objects_314_h,Objects,4.93,4.7
Objects_315_h,Objects,6.23,4.45
Objects_316_h,Objects,5.95,4.87
Objects_317_h,Objects,6.26,4.96
Objects_318_h,Objects,3.96,5.53
Objects_319_h,Objects,6.24,5.02
Objects_320_h,Objects,6.38,4.67
Objects_321_h,Objects,6.53,4.39
Objects_322_h,Objects,6.42,5.33
Objects_323_h,Objects,6.96,5.02
Objects_324_h,Objects,6.08,5.34
Objects_325_h,Objects,7.4,4.17
Objects_326_h,Objects,7.73,3.35
Objects_327_h,Objects,7.67,3.55
People_001_h,People,2.69,6.84
People_004_h,People,2.85,6.49
People_005_h,People,3.74,6.94
People_006_h,People,3.65,7.13
People_008_h,People,2.72,6.36
People_009_h,People,2.7,6.51
People_011_h,People,4.3,6.52
People_012_h,People,3.16,5.91
People_014_h,People,4.33,5.56
People_015_h,People,3.77,6.19
People_016_h,People,2.45,7.04
People_017_h,People,2.96,7.44
People_018_h,People,4.44,6.33
People_021_h,People,2.7,6.71
People_026_h,People,7.7,4.54
People_027_h,People,6.18,4.52
People_028_h,People,5.48,6.54
People_029_h,People,6.32,6.73
People_030_h,People,7.38,5.16
People_032_h,People,4.18,6.27
People_033_h,People,3.65,6.14
People_035_h,People,4.52,5.16
People_041_h,People,6.7,4.57
People_043_h,People,7.64,4.33
People_044_h,People,6.85,3.77
People_045_h,People,6.56,4.23
People_046_h,People,6.94,4.19
People_047_h,People,6.28,3.86
People_048_h,People,6.3,4.16
People_049_h,People,6.28,4.27
People_050_v,People,7.34,3.78
People_051_h,People,7.92,4.81
People_052_h,People,7.81,4.54
People_054_h,People,7.55,3.2
People_055_h,People,7.69,4.2
People_056_h,People,5.53,4.85
People_061_h,People,4.76,5.33
People_063_h,People,6.05,4.84
People_065_h,People,4.77,5.38
People_066_v,People,4.93,5.76
People_067_h,People,7.52,4.54
People_068_h,People,7.11,5.16
People_069_h,People,6.71,4.78
People_078_v,People,4.98,5.09
People_080_h,People,4.02,5.13
People_081_v,People,3.81,6.38
People_082_h,People,3,5.76
People_083_h,People,3.56,5.54
People_085_h,People,3.17,5.83
People_087_h,People,3.57,5.71
People_089_h,People,6.36,4.71
People_090_v,People,3.4,6.22
People_091_h,People,5.26,5.04
People_092_v,People,6.47,4.9
People_093_h,People,6.17,4.28
People_094_h,People,3.2,5.94
People_095_h,People,5.24,5.17
People_096_h,People,7.78,5.4
People_097_h,People,5.27,4.8
People_098_h,People,3.27,6.96
People_099_h,People,6.88,4.72
People_100_h,People,5.15,6.06
People_101_h,People,6.86,4.45
People_102_h,People,5.88,4.98
People_103_h,People,7.77,3.8
People_104_h,People,5.38,4.12
People_105_h,People,6.14,3.98
People_106_v,People,6.76,4.28
People_107_h,People,7.38,3.65
People_108_h,People,7.52,3.57
People_109_h,People,6.77,3.56
People_110_h,People,8.11,2.68
People_111_h,People,7.18,4.55
People_112_h,People,7.32,3.13
People_113_h,People,8.05,3.4
People_114_h,People,5.89,4.63
People_115_h,People,7.9,4.22
People_116_h,People,7.67,3.46
People_117_h,People,3.94,5.32
People_118_h,People,2.48,5.98
People_119_h,People,3,5.7
People_120_h,People,3.36,5.81
People_121_h,People,3.31,5.94
People_122_h,People,4.76,4.92
People_123_h,People,3.47,6.24
People_125_h,People,2.69,6.14
People_126_h,People,3.55,5.98
People_130_h,People,7.17,5.74
People_131_h,People,4.28,5.71
People_132_h,People,4.62,6.33
People_133_h,People,3,6.24
People_134_h,People,3.8,5.76
People_135_h,People,4.62,5.22
People_136_h,People,2.6,6.1
People_137_h,People,3.86,5.65
People_138_h,People,5.92,3.72
People_139_h,People,4.16,6.53
People_141_h,People,4.15,5.53
People_142_h,People,2.85,6.04
People_143_h,People,2.57,6.19
People_144_h,People,2.96,6.29
People_145_h,People,3.11,5.77
People_146_h,People,4.94,4.9
People_148_h,People,5.59,4.69
People_149_h,People,5.49,4.21
People_150_h,People,5.21,4.64
People_151_h,People,6.18,4.53
People_152_h,People,7.16,4.25
People_153_h,People,6.43,4
People_154_h,People,7.59,2.89
People_156_h,People,3.96,5.81
People_157_h,People,6.29,4.51
People_158_h,People,6.06,4.56
People_159_h,People,5.44,4.43
People_160_h,People,7.4,5.25
People_161_h,People,7.51,4.82
People_162_h,People,6.76,5.14
People_163_v,People,6.02,4.43
People_164_h,People,4.84,5.23
People_165_v,People,6.06,5
People_166_h,People,6.09,4.33
People_167_h,People,6.29,4.73
People_168_h,People,7.39,3.58
People_169_h,People,7.58,3.4
People_170_v,People,4.12,5.73
People_171_v,People,6.93,5.36
People_172_v,People,8.02,4.53
People_173_h,People,6.98,4.75
People_174_v,People,7.52,4.9
People_175_h,People,7.21,6.15
People_176_h,People,7.49,3.16
People_177_h,People,6.43,5.57
People_178_h,People,6.85,5.53
People_179_h,People,7.25,3.8
People_180_h,People,7.06,5.52
People_182_h,People,7.12,4.88
People_183_h,People,7.31,5.53
People_184_h,People,5.91,4.96
People_185_h,People,7.63,4.98
People_186_h,People,7.55,3.47
People_187_h,People,7.84,5.78
People_188_h,People,7.55,4.51
People_189_h,People,7.06,6.03
People_190_h,People,8.22,4.68
People_191_h,People,7.31,4.85
People_192_h,People,7.17,4.76
People_193_h,People,7.3,6
People_194_h,People,6.63,4.78
People_195_h,People,7.09,3.94
People_196_h,People,7.58,5.85
People_210_h,People,3.84,5.74
People_219_h,People,3.54,6.06
People_239_h,People,2.4,6.66
People_244_v,People,3.56,6.42
People_248_h,People,6.04,5.83
People_249_h,People,5.64,5.67
People_250_h,People,6.76,2.98
