ID,Category,ValenceM,ValenceSD,ArousalM,ArousalSD
Animals_002_v.jpg,Animals,3.2,1.32,3.55,1.47
Animals_003_h.jpg,Animals,2.45,1.28,3.45,1.28
Animals_004_v.jpg,Animals,2.97,1.75,3.53,1.66
Animals_005_h.jpg,Animals,1.85,1.18,2.5,1.73
Animals_006_v.jpg,Animals,2.4,1.47,3.2,1.28
Animals_007_h.jpg,Animals,3.5,1.4,3.2,1.15
Animals_009_v.jpg,Animals,3.48,1.38,3.48,0.9
Animals_011_h.jpg,Animals,3,1.68,3.61,1.23
Animals_012_h.jpg,Animals,2,1.44,3.55,1.7
Animals_014_h.jpg,Animals,2.95,1.61,2.75,1.62
Animals_015_h.jpg,Animals,2.84,1.61,3.16,1.61
Animals_020_h.jpg,Animals,2.9,1.25,3.05,1.32
Animals_021_h.jpg,Animals,3,1.56,3,1.53
Animals_022_h.jpg,Animals,3.11,1.56,3.26,1.33
Animals_023_h.jpg,Animals,2.05,1.36,3.14,1.49
Animals_026_h.jpg,Animals,2.13,1.25,3.27,1.64
Animals_028_h.jpg,Animals,2.75,1.45,2.85,1.5
Animals_030_h.jpg,Animals,2.85,1.5,2.9,1.37
Animals_031_h.jpg,Animals,2.7,0.7,2.5,1.38
Animals_034_h.jpg,Animals,2.7,1.38,2.95,1.43
Animals_035_h.jpg,Animals,3,1.35,2.61,1.59
Animals_036_h.jpg,Animals,3.5,1.76,3.25,1.65
Animals_037_h.jpg,Animals,2.14,1.56,2.48,1.63
Animals_040_v.jpg,Animals,2.07,1.14,3.1,1.65
Animals_041_h.jpg,Animals,1.3,0.66,3,1.84
Animals_042_h.jpg,Animals,1.95,1.1,2.3,1.08
Animals_043_h.jpg,Animals,2.53,1.38,3.63,1.45
Animals_044_h.jpg,Animals,1.78,0.9,2.45,1.6
Animals_046_h.jpg,Animals,3.22,1.48,3,1.57
Animals_050_h.jpg,Animals,3.1,1.34,2.81,1.54
Animals_051_h.jpg,Animals,2.5,1.61,2.8,1.54
Animals_052_v.jpg,Animals,2.2,1.54,3.05,1.73
Animals_053_h.jpg,Animals,4,1.57,3.3,1.49
Animals_055_h.jpg,Animals,4.1,1.37,4,1.34
Animals_058_h.jpg,Animals,2.67,1.77,3.19,1.78
Animals_059_h.jpg,Animals,2.76,1.51,2.95,1.63
Animals_061_h.jpg,Animals,3.2,1.2,2.75,1.62
Animals_065_h.jpg,Animals,2.05,1.47,2.95,1.67
Animals_066_h.jpg,Animals,4.05,1.43,2.47,1.22
Animals_069_h.jpg,Animals,1.67,1.15,3.97,1.63
Animals_070_h.jpg,Animals,2.74,1.66,2.91,1.57
Animals_072_h.jpg,Animals,2.86,1.68,2.71,1.68
Animals_076_v.jpg,Animals,3.55,1,2.5,1.36
Animals_079_h.jpg,Animals,3.45,1.61,3.45,1.57
Animals_080_h.jpg,Animals,4.19,1.4,3,1.55
Animals_081_h.jpg,Animals,2.45,0.94,2.45,1.19
Animals_082_h.jpg,Animals,2.86,1.35,1.9,1.37
Animals_083_h.jpg,Animals,4.07,1.08,2.77,1.38
Animals_084_h.jpg,Animals,2.8,1.44,2.15,1.5
Animals_085_h.jpg,Animals,3.91,1.24,3.22,1.54
Animals_086_v.jpg,Animals,4.43,1.12,2.57,1.8
Animals_087_h.jpg,Animals,2.86,1.55,2.74,1.54
Animals_088_h.jpg,Animals,4.15,1.04,2.4,1.39
Animals_089_v.jpg,Animals,3.6,1.1,2.25,1.52
Animals_090_h.jpg,Animals,4.55,0.89,3.55,1.43
Animals_091_h.jpg,Animals,4.15,1.18,2.35,1.42
Animals_092_h.jpg,Animals,4.86,0.48,2.95,1.69
Animals_093_h.jpg,Animals,4.53,0.94,2.4,1.5
Animals_094_h.jpg,Animals,2.85,1.31,3.1,1.59
Animals_095_h.jpg,Animals,4.5,1.04,2.33,1.49
Animals_096_h.jpg,Animals,4.45,1.06,3.04,1.4
Animals_097_h.jpg,Animals,4.03,1.07,2.45,1.55
Animals_098_h.jpg,Animals,4.35,0.99,3.6,1.35
Animals_099_h.jpg,Animals,4.15,1.04,3,1.41
Animals_100_h.jpg,Animals,4.7,0.92,2.57,1.52
Animals_101_v.jpg,Animals,4.9,0.4,2.97,1.66
Animals_102_h.jpg,Animals,4.38,1.24,3.33,1.56
Animals_103_h.jpg,Animals,4.22,1.13,3.26,1.63
Animals_104_h.jpg,Animals,4.15,1.14,2.85,1.66
Animals_105_h.jpg,Animals,3.65,1.09,3,1.34
Animals_106_h.jpg,Animals,3.61,1.7,2.87,1.63
Animals_107_h.jpg,Animals,2.67,1.03,2.41,1.48
Animals_108_h.jpg,Animals,3.9,1.22,2.76,1.55
Animals_109_h.jpg,Animals,4.53,0.94,2.53,1.46
Animals_110_h.jpg,Animals,3.79,1.27,3,1.2
Animals_111_h.jpg,Animals,2.5,1.4,2.55,1.36
Animals_112_v.jpg,Animals,2.63,1.61,2.26,1.24
Animals_113_h.jpg,Animals,4.55,0.76,3,1.56
Animals_114_h.jpg,Animals,4.95,0.22,4.25,1.29
Animals_115_h.jpg,Animals,4.7,0.66,4,1.49
Animals_116_h.jpg,Animals,4.45,1.09,2.59,1.55
Animals_117_h.jpg,Animals,4.21,1.15,3.68,1.49
Animals_118_h.jpg,Animals,4.61,0.78,3.26,1.42
Animals_119_h.jpg,Animals,3.6,1.35,3.13,1.5
Animals_120_h.jpg,Animals,4.77,0.57,3.1,1.75
Animals_121_h.jpg,Animals,3.9,1.26,2.67,1.28
Animals_122_h.jpg,Animals,3.6,1.14,2.85,1.31
Animals_123_h.jpg,Animals,4.3,1.08,2.3,1.42
Animals_124_v.jpg,Animals,3.6,1.27,3.3,1.17
Animals_125_h.jpg,Animals,4.2,1.2,3.4,1.31
Animals_126_h.jpg,Animals,3.9,1.09,3.07,1.51
Animals_127_h.jpg,Animals,2.53,1.35,2.47,1.39
Animals_128_h.jpg,Animals,4.05,1.15,2.95,1.64
Animals_129_h.jpg,Animals,4.05,1.51,3.68,1.06
Animals_130_h.jpg,Animals,3.57,1.63,2.52,1.66
Animals_131_h.jpg,Animals,4.61,0.78,3.78,1.54
Animals_132_h.jpg,Animals,4,0.97,2.7,1.38
Animals_133_h.jpg,Animals,4.7,0.92,2.85,1.63
Animals_134_h.jpg,Animals,5,0,3.95,1.15
Animals_135_v.jpg,Animals,2.47,1.17,2.67,1.49
Animals_136_h.jpg,Animals,4.71,0.96,2.62,1.8
Animals_137_h.jpg,Animals,4.53,0.9,2.68,1.16
Animals_138_h.jpg,Animals,2.83,1.59,2.61,1.44
Animals_139_h.jpg,Animals,3.13,1.43,2.63,1.54
Animals_140_h.jpg,Animals,4.67,0.96,2.93,1.39
Animals_141_h.jpg,Animals,2.67,1.58,3.07,1.78
Animals_142_h.jpg,Animals,2.65,1.53,2.85,1.5
Animals_143_h.jpg,Animals,2.9,1.41,2.55,1.54
Animals_144_h.jpg,Animals,3.91,1.31,3.04,1.61
Animals_145_h.jpg,Animals,2.84,1.74,3.53,1.68
Animals_146_h.jpg,Animals,3.9,1.29,3.3,1.38
Animals_147_v.jpg,Animals,4,1.56,3.2,1.54
Animals_148_h.jpg,Animals,4.33,1.12,3.52,1.38
Animals_149_v.jpg,Animals,4.53,0.9,2.63,1.16
Animals_151_v.jpg,Animals,2.09,1.47,2.39,1.5
Animals_152_h.jpg,Animals,4.19,1.25,2.19,1.33
Animals_153_v.jpg,Animals,4.35,1.14,3.6,1.31
Animals_154_h.jpg,Animals,2.55,1.23,2.6,1.23
Animals_155_v.jpg,Animals,4.7,0.82,3.43,1.47
Animals_156_h.jpg,Animals,4.89,0.32,3.63,1.16
Animals_157_h.jpg,Animals,4.6,1.23,4.55,0.94
Animals_158_h.jpg,Animals,4.87,0.46,3.35,1.61
Animals_159_h.jpg,Animals,4.89,0.46,3.47,1.26
Animals_160_h.jpg,Animals,4.9,0.31,4.15,1.31
Animals_161_h.jpg,Animals,4.8,0.52,2.85,1.69
Animals_162_h.jpg,Animals,3.47,1.54,2.58,1.54
Animals_163_h.jpg,Animals,3.7,1.49,3.17,1.4
Animals_164_h.jpg,Animals,4.57,1.08,3.22,1.48
Animals_165_h.jpg,Animals,3.96,1.33,3,1.57
Animals_166_v.jpg,Animals,4.87,0.43,2.97,1.83
Animals_167_h.jpg,Animals,4.1,1.16,2.57,1.25
Animals_168_h.jpg,Animals,4.32,1.16,2.84,1.17
Animals_169_h.jpg,Animals,4.57,0.79,3.17,1.61
Animals_170_h.jpg,Animals,4.78,0.6,3.35,1.61
Animals_171_h.jpg,Animals,3.05,1.39,2.05,1.15
Animals_172_h.jpg,Animals,4.85,0.49,3.05,1.79
Animals_173_h.jpg,Animals,4.78,0.52,3.52,1.34
Animals_174_h.jpg,Animals,3.85,1.42,2.85,1.53
Animals_175_h.jpg,Animals,4.85,0.49,4,1.3
Animals_176_h.jpg,Animals,3.96,1.61,3.13,1.58
Animals_177_h.jpg,Animals,4.57,0.9,3,1.74
Animals_178_v.jpg,Animals,4.53,1.07,2.89,1.52
Animals_179_h.jpg,Animals,4.7,0.66,2.75,1.59
Animals_180_h.jpg,Animals,4.85,0.37,3.95,1.36
Animals_181_h.jpg,Animals,4,1.3,2.33,1.53
Animals_182_h.jpg,Animals,3.95,1.4,1.95,1.43
Animals_183_h.jpg,Animals,4.7,0.57,4.25,1.16
Animals_184_h.jpg,Animals,3.68,1.45,2.68,1.2
Animals_185_h.jpg,Animals,3.5,1.36,2.45,1.47
Animals_186_h.jpg,Animals,4.68,1,3.21,1.18
Animals_187_h.jpg,Animals,4.95,0.22,3.3,1.72
Animals_188_h.jpg,Animals,3.26,1.73,2.84,1.34
Animals_189_v.jpg,Animals,4.17,1.21,3,1.23
Animals_190_h.jpg,Animals,4.21,1.51,3.05,1.31
Animals_191_h.jpg,Animals,4.71,0.96,2.67,1.8
Animals_192_h.jpg,Animals,4.75,0.64,3.85,1.57
Animals_193_h.jpg,Animals,4.17,1.29,2.77,1.41
Animals_194_h.jpg,Animals,4.67,0.76,2.83,1.51
Animals_195_h.jpg,Animals,3.78,1.35,3.26,1.05
Animals_196_h.jpg,Animals,4.15,1.31,3.2,1.58
Animals_197_h.jpg,Animals,4.22,1.28,3.17,1.56
Animals_198_h.jpg,Animals,4.17,1.23,3.43,1.41
Animals_199_h.jpg,Animals,3.8,1.1,2.83,1.34
Animals_200_v.jpg,Animals,3,1.56,3.1,1.48
Animals_201_h.jpg,Animals,4.22,1.13,3.17,1.59
Animals_202_h.jpg,Animals,4.81,0.87,2.95,1.69
Animals_203_h.jpg,Animals,4.57,1.03,3.38,1.72
Animals_205_h.jpg,Animals,4.39,1.08,3.39,1.53
Animals_206_h.jpg,Animals,4.37,1.21,2.21,0.92
Animals_208_h.jpg,Animals,4.65,0.99,3.3,1.45
Animals_209_h.jpg,Animals,4.2,1.15,2.68,1.45
Animals_210_v.jpg,Animals,4.95,0.22,3.9,1.45
Animals_211_h.jpg,Animals,3.15,1.53,2.85,1.42
Animals_212_v.jpg,Animals,4.23,1.04,2.87,1.48
Animals_213_h.jpg,Animals,4.39,1.2,3.06,1.39
Animals_214_h.jpg,Animals,3.85,1.46,2.45,1.36
Animals_215_v.jpg,Animals,4.15,1.31,3.05,1.5
Animals_216_v.jpg,Animals,1.79,1.4,3.05,1.75
Animals_217_h.jpg,Animals,2.89,1.49,1.95,1.27
Animals_218_h.jpg,Animals,3.3,1.51,3.33,1.73
Animals_219_h.jpg,Animals,3.26,1.32,2.52,1.53
Animals_220_h.jpg,Animals,3.38,1.47,2.14,1.46
Animals_221_h.jpg,Animals,2.3,1.45,2.4,1.19
Faces_001_h.jpg,Faces,4.73,0.69,2.7,1.6
Faces_002_v.jpg,Faces,3.96,1.19,2.78,1.44
Faces_004_h.jpg,Faces,4.6,0.88,2.75,1.59
Faces_005_h.jpg,Faces,3.26,1.66,2.53,1.39
Faces_006_h.jpg,Faces,2.14,1.24,2.05,1.2
Faces_008_h.jpg,Faces,3.11,1.66,2.95,1.31
Faces_011_h.jpg,Faces,1.37,0.76,2.58,1.8
Faces_012_v.jpg,Faces,1.81,1.25,1.86,1.2
Faces_014_h.jpg,Faces,2.33,1.39,2.19,1.54
Faces_015_h.jpg,Faces,2.35,1.5,2.3,1.45
Faces_017_h.jpg,Faces,1.43,1.01,2.9,1.77
Faces_020_h.jpg,Faces,3.9,1.33,2.75,1.41
Faces_021_h.jpg,Faces,2.55,1.5,2.3,1.38
Faces_022_h.jpg,Faces,2.15,1.35,2.3,1.49
Faces_023_h.jpg,Faces,2.3,1.3,2.3,1.3
Faces_024_h.jpg,Faces,2.2,1.24,2.15,1.39
Faces_026_h.jpg,Faces,2.47,1.61,2.83,1.58
Faces_030_h.jpg,Faces,3,1.64,2.38,1.75
Faces_035_h.jpg,Faces,2.43,1.6,2.19,1.54
Faces_036_h.jpg,Faces,2.65,1.46,2,1.21
Faces_037_h.jpg,Faces,2.57,1.53,2.09,1.41
Faces_039_h.jpg,Faces,3.05,1.5,2.65,1.53
Faces_040_h.jpg,Faces,3.25,1.45,2.65,1.42
Faces_041_h.jpg,Faces,1.6,1.27,2.35,1.69
Faces_042_h.jpg,Faces,3.47,1.58,2.37,1.54
Faces_043_v.jpg,Faces,3.05,1.35,2.79,1.4
Faces_044_h.jpg,Faces,3.16,1.38,1.84,1.17
Faces_045_h.jpg,Faces,2.83,1.3,1.65,1.11
Faces_046_h.jpg,Faces,2.52,1.16,1.87,1.06
Faces_047_h.jpg,Faces,3.95,1.19,2.3,1.45
Faces_048_h.jpg,Faces,4,1.08,2.35,1.39
Faces_049_h.jpg,Faces,2.53,1.25,2.17,1.49
Faces_050_h.jpg,Faces,3.35,1.3,2.78,1.54
Faces_051_h.jpg,Faces,4,1.3,2.3,1.49
Faces_053_h.jpg,Faces,2.61,0.99,1.57,0.9
Faces_054_v.jpg,Faces,2.4,1.35,1.8,0.89
Faces_055_h.jpg,Faces,2.5,1.33,2.6,1.52
Faces_056_h.jpg,Faces,3.1,1.37,2.15,1.35
Faces_057_h.jpg,Faces,2.7,1.47,2.4,1.52
Faces_058_h.jpg,Faces,2.09,1.04,1.74,1.14
Faces_059_h.jpg,Faces,2.26,1.18,1.74,1.32
Faces_060_h.jpg,Faces,3.55,1,2.25,1.41
Faces_061_h.jpg,Faces,4.73,0.74,2.7,1.78
Faces_062_v.jpg,Faces,3.24,1.09,2.24,1.55
Faces_063_v.jpg,Faces,3.6,1.4,2.53,1.43
Faces_064_h.jpg,Faces,3.65,1.23,2.05,1.39
Faces_065_h.jpg,Faces,3.3,1.49,1.75,0.97
Faces_066_h.jpg,Faces,4.53,1.07,2.74,1.1
Faces_067_h.jpg,Faces,3.07,1.72,2.1,1.37
Faces_068_h.jpg,Faces,3.45,1.28,2.3,1.26
Faces_069_h.jpg,Faces,3.48,1.17,2.2,1.24
Faces_070_v.jpg,Faces,3.14,1.35,2.43,1.4
Faces_071_v.jpg,Faces,2,1.21,1.95,1.15
Faces_072_h.jpg,Faces,2.95,1.5,1.71,1.01
Faces_073_v.jpg,Faces,3.52,1.5,2.96,1.33
Faces_074_h.jpg,Faces,2.79,1.44,1.58,0.9
Faces_075_v.jpg,Faces,3.8,1.15,1.95,1.19
Faces_076_h.jpg,Faces,2.48,1.27,1.96,1.19
Faces_077_v.jpg,Faces,3.4,1,2.47,1.25
Faces_078_h.jpg,Faces,2.26,1.05,1.7,1.15
Faces_079_h.jpg,Faces,4.17,1.21,2.63,1.67
Faces_080_h.jpg,Faces,3.05,1.47,2.21,1.36
Faces_081_v.jpg,Faces,3,1.45,2,1.45
Faces_082_v.jpg,Faces,3.53,1.71,2.26,1.33
Faces_083_h.jpg,Faces,2.17,1.23,2.27,1.48
Faces_084_v.jpg,Faces,4.35,1.14,2.35,1.31
Faces_085_h.jpg,Faces,3.6,1.82,3.1,1.74
Faces_086_v.jpg,Faces,4.55,1,3.5,1.36
Faces_087_h.jpg,Faces,3.1,1.22,2.05,1.32
Faces_088_v.jpg,Faces,2.57,1.74,2.83,1.68
Faces_089_h.jpg,Faces,4.81,0.51,2.38,1.5
Faces_090_v.jpg,Faces,2.6,1.48,2.13,1.38
Faces_091_v.jpg,Faces,3.58,1.43,2.79,1.4
Faces_092_h.jpg,Faces,3.55,1.36,2.3,1.38
Faces_093_v.jpg,Faces,2.87,1.32,1.83,1.3
Faces_094_h.jpg,Faces,3.95,1.28,2.76,1.7
Faces_095_h.jpg,Faces,3,1.45,2.5,1.43
Faces_096_h.jpg,Faces,2.3,1.18,1.7,1.22
Faces_097_v.jpg,Faces,2.04,1.11,1.61,1.23
Faces_098_h.jpg,Faces,3.71,1.19,2.1,1.48
Faces_099_h.jpg,Faces,2.93,1.28,2.2,1.27
Faces_100_h.jpg,Faces,2.5,1.47,2.15,1.46
Faces_101_h.jpg,Faces,2.61,1.37,1.65,1.19
Faces_102_h.jpg,Faces,3.25,1.16,2,1.21
Faces_103_h.jpg,Faces,3.52,1.36,1.95,1.24
Faces_105_h.jpg,Faces,3.4,1.35,2.4,1.33
Faces_106_h.jpg,Faces,4.05,1.15,2.55,1.28
Faces_107_h.jpg,Faces,3.79,1.32,2.26,1.24
Faces_108_h.jpg,Faces,4.29,1.06,2.33,1.49
Faces_109_v.jpg,Faces,4.32,1.34,2.68,1.34
Faces_110_h.jpg,Faces,3.7,1.17,1.55,0.89
Faces_111_h.jpg,Faces,3.3,1.34,2.45,1.39
Faces_112_h.jpg,Faces,3.71,1.15,2.05,1.07
Faces_113_h.jpg,Faces,3.42,1.43,2.11,0.94
Faces_114_h.jpg,Faces,4.1,1.4,2.83,1.68
Faces_115_h.jpg,Faces,2.43,1.31,1.78,1
Faces_116_h.jpg,Faces,2.68,1.45,2.42,1.35
Faces_117_h.jpg,Faces,2.45,1.35,2,1.22
Faces_118_h.jpg,Faces,3.05,1.54,2.32,1.45
Faces_119_v.jpg,Faces,2.5,1.57,2.57,1.55
Faces_120_h.jpg,Faces,2.74,1.28,1.74,0.93
Faces_121_h.jpg,Faces,4.1,1.29,2.7,1.49
Faces_122_h.jpg,Faces,3.4,1.6,2.75,1.41
Faces_123_h.jpg,Faces,3.52,1.12,2.24,1.09
Faces_124_h.jpg,Faces,3.52,1.5,1.71,1.27
Faces_125_h.jpg,Faces,3.45,1.39,2.35,1.31
Faces_126_h.jpg,Faces,3.8,1.06,2.6,1.47
Faces_127_h.jpg,Faces,3.55,1.23,2.35,1.14
Faces_128_h.jpg,Faces,2.11,1.05,1.89,1.49
Faces_129_h.jpg,Faces,2.09,1.31,1.96,1.58
Faces_130_h.jpg,Faces,4.16,1.34,2.37,1.21
Faces_131_v.jpg,Faces,3.15,1.46,2.1,1.21
Faces_132_h.jpg,Faces,3.9,1.48,3.2,1.58
Faces_133_h.jpg,Faces,2.83,1.34,1.61,1.03
Faces_134_h.jpg,Faces,4.29,1.01,2.62,1.66
Faces_135_h.jpg,Faces,3.2,1.32,2.45,1.54
Faces_136_v.jpg,Faces,3.57,1.43,1.95,1.24
Faces_137_h.jpg,Faces,4.35,0.93,2.95,1.32
Faces_138_h.jpg,Faces,2.23,1.45,2.53,1.57
Faces_139_v.jpg,Faces,3.48,1.33,1.81,1.12
Faces_140_h.jpg,Faces,3.85,1.53,2.7,1.42
Faces_142_h.jpg,Faces,2.35,0.93,1.65,0.88
Faces_144_h.jpg,Faces,2.05,1.32,2.05,1.5
Faces_146_h.jpg,Faces,2.15,0.93,1.85,1.27
Faces_148_h.jpg,Faces,1.61,0.99,2.43,1.7
Faces_150_h.jpg,Faces,1.48,0.81,2.33,1.65
Faces_152_h.jpg,Faces,1.95,1.29,2.05,1.43
Faces_154_h.jpg,Faces,2.15,1.31,1.85,1.31
Faces_155_h.jpg,Faces,2.3,1.18,2,1.35
Faces_156_h.jpg,Faces,2.25,1.07,2.5,1.57
Faces_157_h.jpg,Faces,2.4,0.88,1.9,1.07
Faces_158_h.jpg,Faces,2.09,1.31,2,1.6
Faces_161_h.jpg,Faces,1.86,1.11,2.19,1.29
Faces_162_h.jpg,Faces,2.9,1.25,1.85,0.99
Faces_163_h.jpg,Faces,3,1.33,2,1.37
Faces_164_h.jpg,Faces,2.17,1.03,1.7,1.22
Faces_165_v.jpg,Faces,2.48,1.36,1.81,1.08
Faces_166_h.jpg,Faces,2.17,1.37,2.57,1.77
Faces_167_v.jpg,Faces,2.18,1.14,1.68,1.36
Faces_168_h.jpg,Faces,1.86,0.94,1.95,1.36
Faces_169_v.jpg,Faces,2.07,1.28,2.6,1.54
Faces_171_v.jpg,Faces,1.9,1.29,1.95,1.32
Faces_172_h.jpg,Faces,1.63,1.12,2.26,1.63
Faces_173_v.jpg,Faces,1.67,1.06,2.87,1.57
Faces_175_v.jpg,Faces,2,1.26,2.25,1.02
Faces_176_h.jpg,Faces,1.6,1.16,3.1,1.71
Faces_177_v.jpg,Faces,3,1.6,3.16,1.68
Faces_178_h.jpg,Faces,3.65,1.35,2.3,1.13
Faces_179_v.jpg,Faces,2.95,1.28,1.67,1.06
Faces_180_h.jpg,Faces,2.47,1.31,1.58,1.07
Faces_181_v.jpg,Faces,2.77,1.36,2.6,1.33
Faces_182_h.jpg,Faces,2.67,1.49,2.43,1.52
Faces_183_v.jpg,Faces,2.8,1.2,1.9,0.91
Faces_184_h.jpg,Faces,3.52,1.5,1.81,1.29
Faces_185_v.jpg,Faces,2.95,1.5,1.52,1.03
Faces_186_h.jpg,Faces,3.05,1,2.05,1.19
Faces_187_v.jpg,Faces,2.53,1.31,2.05,1.47
Faces_188_h.jpg,Faces,3.1,1.33,1.85,1.09
Faces_189_v.jpg,Faces,2.1,1.45,2.2,1.54
Faces_190_h.jpg,Faces,2.26,1.45,1.96,1.43
Faces_191_v.jpg,Faces,2.84,1.12,1.79,1.36
Faces_192_h.jpg,Faces,2.43,1.34,1.43,0.9
Faces_193_v.jpg,Faces,2.97,1.3,1.97,1.33
Faces_194_h.jpg,Faces,2.7,1.08,1.85,1.23
Faces_195_v.jpg,Faces,2,1.12,1.75,1.07
Faces_196_h.jpg,Faces,2.3,1.36,1.61,1.37
Faces_197_v.jpg,Faces,2.26,1.39,1.61,0.89
Faces_198_h.jpg,Faces,2.4,1.14,1.9,0.97
Faces_199_v.jpg,Faces,2.11,0.94,1.58,0.84
Faces_200_h.jpg,Faces,3.1,1.3,1.81,1.17
Faces_201_v.jpg,Faces,2.15,1.18,1.8,1.24
Faces_202_v.jpg,Faces,2.9,1.12,2.05,1.23
Faces_203_h.jpg,Faces,3.45,1.19,2.2,1.11
Faces_204_v.jpg,Faces,2.21,1.18,1.68,1.29
Faces_205_h.jpg,Faces,2.48,1.34,1.91,1.12
Faces_206_v.jpg,Faces,2.75,1.07,1.9,1.17
Faces_207_h.jpg,Faces,2.32,1.38,1.95,1.54
Faces_208_h.jpg,Faces,3,1.3,2.05,1.23
Faces_209_h.jpg,Faces,2.57,1.43,2.05,1.36
Faces_210_h.jpg,Faces,2.6,1.38,2.63,1.52
Faces_211_h.jpg,Faces,2.6,1.38,2.2,1.3
Faces_212_h.jpg,Faces,2.75,0.97,1.45,0.76
Faces_213_v.jpg,Faces,2.79,1.18,1.84,1.17
Faces_214_h.jpg,Faces,2.15,1.23,1.75,1.16
Faces_215_v.jpg,Faces,2.19,1.29,1.76,1.22
Faces_216_h.jpg,Faces,2.53,1.43,1.58,1.26
Faces_217_v.jpg,Faces,2,1.38,1.52,1.16
Faces_218_h.jpg,Faces,2.37,1.16,1.75,1.12
Faces_219_v.jpg,Faces,2.8,1.42,2.17,1.51
Faces_220_h.jpg,Faces,2.2,1.3,2.4,1.38
Faces_221_v.jpg,Faces,3.03,1,2.4,1.4
Faces_222_h.jpg,Faces,2.09,1.47,1.43,0.95
Faces_223_v.jpg,Faces,2.47,1.22,2.17,1.26
Faces_224_h.jpg,Faces,2.87,1.36,2.57,1.25
Faces_225_v.jpg,Faces,2.1,1.37,2.77,1.81
Faces_226_h.jpg,Faces,3.15,1.23,1.85,0.88
Faces_227_v.jpg,Faces,3.2,1.15,2.35,1.18
Faces_228_h.jpg,Faces,2.77,1.36,2.63,1.35
Faces_229_v.jpg,Faces,3.1,1.14,1.76,0.94
Faces_230_h.jpg,Faces,2.09,1.5,2.05,1.46
Faces_231_v.jpg,Faces,3.4,1.43,1.8,0.95
Faces_232_h.jpg,Faces,3.86,1.42,1.95,1.4
Faces_233_v.jpg,Faces,3.05,1.47,2.05,1.43
Faces_234_h.jpg,Faces,2.53,1.48,2.6,1.5
Faces_235_v.jpg,Faces,2.13,1.1,1.7,1.22
Faces_236_h.jpg,Faces,2.09,1.31,1.61,1.23
Faces_237_v.jpg,Faces,1.96,1.3,1.26,0.75
Faces_238_h.jpg,Faces,2.43,1.34,1.48,0.9
Faces_239_v.jpg,Faces,3.05,1.15,1.9,1.12
Faces_240_h.jpg,Faces,3.5,1.61,3.05,1.57
Faces_241_v.jpg,Faces,2.55,1.54,2.3,1.72
Faces_242_h.jpg,Faces,3.29,1.35,1.48,0.81
Faces_243_v.jpg,Faces,3.33,1.43,1.81,1.33
Faces_244_h.jpg,Faces,2.15,1.31,1.8,1.32
Faces_245_v.jpg,Faces,2.16,1.34,1.58,1.17
Faces_246_v.jpg,Faces,3.19,1.25,1.86,1.2
Faces_247_h.jpg,Faces,2.86,1.46,1.57,0.87
Faces_248_v.jpg,Faces,4,1.22,1.71,1.19
Faces_249_v.jpg,Faces,2.9,1.37,2.37,1.45
Faces_250_h.jpg,Faces,2.95,1.47,1.67,1.15
Faces_251_v.jpg,Faces,1.7,0.92,1.8,1.11
Faces_252_h.jpg,Faces,2.39,1.34,1.78,1.28
Faces_253_v.jpg,Faces,3.24,1.48,2.1,1.37
Faces_254_h.jpg,Faces,3.05,1.35,1.74,1.28
Faces_255_v.jpg,Faces,1.9,1.27,2.8,1.67
Faces_256_h.jpg,Faces,3.48,1.69,2,1.52
Faces_257_v.jpg,Faces,2.9,1.02,1.55,0.76
Faces_258_h.jpg,Faces,3.14,1.39,2.1,1.37
Faces_259_v.jpg,Faces,2.42,1.17,1.61,1.09
Faces_260_h.jpg,Faces,3,1.3,1.8,1.01
Faces_261_v.jpg,Faces,2.58,1.3,2.05,1.43
Faces_262_h.jpg,Faces,3.45,1.39,2.25,1.21
Faces_263_v.jpg,Faces,3,1.31,2.53,1.46
Faces_267_v.jpg,Faces,3.58,1.17,1.68,1.16
Faces_276_h.jpg,Faces,2.3,1.4,1.7,1.06
Faces_277_h.jpg,Faces,3.35,1.76,3.3,1.69
Faces_278_h.jpg,Faces,2.32,0.95,1.58,1.07
Faces_279_h.jpg,Faces,1.74,0.93,1.84,1.21
Faces_281_h.jpg,Faces,2.67,1.46,2.05,1.5
Faces_282_h.jpg,Faces,4.37,1.12,3.16,1.5
Faces_283_h.jpg,Faces,2.25,1.65,3.25,1.8
Faces_285_h.jpg,Faces,1.87,1.14,2.37,1.4
Faces_286_h.jpg,Faces,4.11,1.1,3.11,1.7
Faces_287_h.jpg,Faces,2.67,1.59,2.14,1.31
Faces_288_h.jpg,Faces,2.29,1.27,1.76,1.22
Faces_289_h.jpg,Faces,3.11,1.56,2.53,1.31
Faces_290_h.jpg,Faces,2,1.37,2.42,1.57
Faces_294_h.jpg,Faces,1.74,1.37,2.11,1.41
Faces_295_h.jpg,Faces,4.21,1.47,3.53,1.58
Faces_296_h.jpg,Faces,2.57,1.33,1.62,0.86
Faces_297_h.jpg,Faces,3.68,1.63,2.95,1.54
Faces_299_h.jpg,Faces,3.6,1.59,2.87,1.68
Faces_301_h.jpg,Faces,2.09,1.41,1.39,0.84
Faces_302_h.jpg,Faces,2.35,1.4,2.09,1.5
Faces_303_h.jpg,Faces,2.45,1.54,2.25,1.55
Faces_304_h.jpg,Faces,2.8,1.47,2.05,1
Faces_305_h.jpg,Faces,2.55,1.47,2.4,1.54
Faces_306_v.jpg,Faces,2.75,0.97,2.05,1.15
Faces_307_v.jpg,Faces,3.19,1.36,1.57,1.12
Faces_308_h.jpg,Faces,3.05,1.27,1.95,1.54
Faces_309_h.jpg,Faces,3.29,1.45,2.05,1.36
Faces_310_v.jpg,Faces,2.8,1.7,2.45,1.67
Faces_311_h.jpg,Faces,3.25,1.16,1.8,0.89
Faces_312_h.jpg,Faces,2.26,0.99,1.53,1.07
Faces_313_h.jpg,Faces,3.9,1.12,2.23,1.17
Faces_314_h.jpg,Faces,2.96,1.69,2.48,1.75
Faces_315_h.jpg,Faces,3.33,1.28,1.62,1.2
Faces_316_h.jpg,Faces,2.68,1.49,1.74,1.24
Faces_317_v.jpg,Faces,2.39,1.27,1.48,0.99
Faces_318_v.jpg,Faces,2.35,1.37,1.52,1.12
Faces_319_v.jpg,Faces,2.67,1.35,2.37,1.35
Faces_320_v.jpg,Faces,2.6,0.82,2.15,1.27
Faces_321_h.jpg,Faces,4.45,1,2.95,1.61
Faces_322_v.jpg,Faces,2.35,1.35,2.2,1.32
Faces_323_h.jpg,Faces,3.35,1.35,2.05,1.43
Faces_324_h.jpg,Faces,3.07,1.46,2.27,1.41
Faces_325_v.jpg,Faces,3.38,1.32,1.86,1.31
Faces_326_h.jpg,Faces,3.33,1.35,1.76,1.22
Faces_327_v.jpg,Faces,2.58,1.12,1.89,1.41
Faces_328_v.jpg,Faces,3.95,1.16,1.76,1.04
Faces_329_h.jpg,Faces,3.09,1.44,1.5,0.8
Faces_331_h.jpg,Faces,3.19,1.4,1.38,0.8
Faces_332_v.jpg,Faces,2.45,1.28,2.25,1.65
Faces_333_h.jpg,Faces,3.48,1.17,1.71,1.15
Faces_334_h.jpg,Faces,3.24,1.34,1.81,1.12
Faces_335_h.jpg,Faces,2.82,1.14,1.83,1.34
Faces_336_h.jpg,Faces,2.7,1.29,2.53,1.41
Faces_337_h.jpg,Faces,2.73,1.14,2.03,1.03
Faces_338_h.jpg,Faces,3.24,1.14,1.33,0.66
Faces_339_h.jpg,Faces,2.79,1.36,1.84,1.38
Faces_340_h.jpg,Faces,3.17,1.56,1.95,1.4
Faces_341_h.jpg,Faces,3.29,1.19,1.62,1.12
Faces_342_h.jpg,Faces,3.75,1.33,2.8,1.44
Faces_343_h.jpg,Faces,2.39,1.5,1.95,1.29
Faces_344_h.jpg,Faces,3.84,1.42,2.58,1.61
Faces_346_v.jpg,Faces,2.26,0.99,1.53,1.17
Faces_347_h.jpg,Faces,3.3,1.64,2.52,1.56
Faces_348_h.jpg,Faces,3.2,1.64,2.95,1.47
Faces_349_h.jpg,Faces,3.15,1.53,2.65,1.63
Faces_350_h.jpg,Faces,2.7,1.34,2.2,1.44
Faces_351_h.jpg,Faces,3.53,1.55,2.28,1.39
Faces_352_h.jpg,Faces,4.21,1.23,2.79,1.65
Faces_353_h.jpg,Faces,3,1.45,2.37,1.54
Faces_354_v.jpg,Faces,3.95,1.31,2.95,1.47
Faces_355_h.jpg,Faces,3,1.45,2.11,1.24
Faces_356_h.jpg,Faces,2.45,1.43,2.45,1.64
Faces_357_v.jpg,Faces,3,1.49,2.16,1.38
Faces_358_h.jpg,Faces,2.7,1.72,2.25,1.48
Faces_359_h.jpg,Faces,2.33,1.35,2.57,1.61
Faces_360_v.jpg,Faces,2.78,1.17,1.83,1.19
Faces_361_v.jpg,Faces,2.3,1.17,1.85,0.99
Faces_370_h.jpg,Faces,1.9,1.27,2.63,1.56
Faces_372_h.jpg,Faces,1.61,1.12,2.5,1.65
Landscapes_003_v.jpg,Landscapes,2.42,1.35,2.26,1.52
Landscapes_004_h.jpg,Landscapes,2.35,1.37,1.74,1.32
Landscapes_005_h.jpg,Landscapes,2.42,1.57,3,1.63
Landscapes_006_h.jpg,Landscapes,2.95,1.6,1.86,1.2
Landscapes_007_h.jpg,Landscapes,2.1,1.59,2.2,1.7
Landscapes_008_h.jpg,Landscapes,4.3,1.13,3.45,1.39
Landscapes_009_h.jpg,Landscapes,4.57,0.81,2.57,1.69
Landscapes_010_h.jpg,Landscapes,2.47,1.39,2.16,1.54
Landscapes_011_h.jpg,Landscapes,1.9,1.17,2.35,1.39
Landscapes_012_h.jpg,Landscapes,2.63,1.54,2.47,1.63
Landscapes_013_v.jpg,Landscapes,2.05,1.15,2.25,1.29
Landscapes_014_h.jpg,Landscapes,2.33,1.24,2.29,1.59
Landscapes_015_h.jpg,Landscapes,3.17,1.62,2.8,1.58
Landscapes_016_h.jpg,Landscapes,3.57,1.25,1.71,1.35
Landscapes_017_h.jpg,Landscapes,4.13,1.32,2.78,1.68
Landscapes_018_h.jpg,Landscapes,3.48,1.08,2,1.52
Landscapes_019_h.jpg,Landscapes,3.35,1.37,2.57,1.47
Landscapes_020_h.jpg,Landscapes,2.68,1.38,1.84,1.46
Landscapes_021_h.jpg,Landscapes,3.84,1.54,2.37,1.5
Landscapes_022_h.jpg,Landscapes,1.8,1.32,2.45,1.57
Landscapes_023_h.jpg,Landscapes,4.4,0.82,3.55,1.32
Landscapes_024_v.jpg,Landscapes,2.79,1.36,1.79,1.32
Landscapes_025_h.jpg,Landscapes,2.57,1.44,2.17,1.72
Landscapes_026_h.jpg,Landscapes,2.2,1.11,2.45,1.39
Landscapes_027_v.jpg,Landscapes,2.43,1.27,1.78,1.13
Landscapes_028_h.jpg,Landscapes,3.09,1.27,1.91,1.31
Landscapes_029_v.jpg,Landscapes,2.55,1.54,2.45,1.5
Landscapes_030_v.jpg,Landscapes,2.74,1.59,1.63,1.07
Landscapes_031_h.jpg,Landscapes,3.17,1.23,2.17,1.26
Landscapes_032_v.jpg,Landscapes,2.67,1.02,1.52,0.75
Landscapes_033_h.jpg,Landscapes,2.25,1.59,2.4,1.47
Landscapes_034_h.jpg,Landscapes,4.05,1.15,3.4,1.47
Landscapes_035_v.jpg,Landscapes,4,1.1,2.57,1.54
Landscapes_036_h.jpg,Landscapes,3,1.51,2.18,1.33
Landscapes_037_v.jpg,Landscapes,3.13,1.53,2.5,1.48
Landscapes_038_h.jpg,Landscapes,3.45,1.39,2.75,1.48
Landscapes_039_v.jpg,Landscapes,2.71,1.98,2.38,1.96
Landscapes_040_h.jpg,Landscapes,2.85,1.46,1.9,1.17
Landscapes_041_h.jpg,Landscapes,4.4,1.14,2.9,1.68
Landscapes_042_h.jpg,Landscapes,4.37,1.03,2.3,1.32
Landscapes_043_h.jpg,Landscapes,3.35,1.3,2.43,1.5
Landscapes_044_h.jpg,Landscapes,3,1.26,2.4,1.27
Landscapes_045_h.jpg,Landscapes,2.17,1.27,1.74,1.29
Landscapes_046_h.jpg,Landscapes,3.25,1.02,1.8,1.06
Landscapes_047_v.jpg,Landscapes,3.76,1.48,1.81,1.12
Landscapes_048_h.jpg,Landscapes,3.95,0.94,2.5,1.61
Landscapes_049_h.jpg,Landscapes,3,1.49,2.32,1.6
Landscapes_050_h.jpg,Landscapes,3.43,1.2,2.48,1.41
Landscapes_051_h.jpg,Landscapes,3.5,1.54,2.7,1.22
Landscapes_052_h.jpg,Landscapes,3.47,1.47,2.26,1.52
Landscapes_053_h.jpg,Landscapes,4.65,0.81,3,1.75
Landscapes_054_h.jpg,Landscapes,4.71,0.96,3.14,1.8
Landscapes_055_h.jpg,Landscapes,2.86,1.24,1.62,1.02
Landscapes_056_h.jpg,Landscapes,3.52,1.5,2.87,1.42
Landscapes_057_h.jpg,Landscapes,3.95,1.32,3.2,1.4
Landscapes_058_h.jpg,Landscapes,1.87,1.2,2.43,1.55
Landscapes_059_v.jpg,Landscapes,4.17,1.26,2.6,1.57
Landscapes_060_h.jpg,Landscapes,3.38,1.02,1.67,1.02
Landscapes_061_h.jpg,Landscapes,2.53,1.58,2.11,1.37
Landscapes_062_h.jpg,Landscapes,4.67,0.66,2.48,1.54
Landscapes_063_h.jpg,Landscapes,4.27,1.11,2.77,1.59
Landscapes_064_h.jpg,Landscapes,4.17,1.19,3.39,1.59
Landscapes_065_h.jpg,Landscapes,3.55,0.76,2.25,1.16
Landscapes_066_h.jpg,Landscapes,3.14,1.46,2.1,1.58
Landscapes_067_h.jpg,Landscapes,3.05,1.32,1.81,1.17
Landscapes_068_h.jpg,Landscapes,2.11,1.15,2.11,1.41
Landscapes_069_v.jpg,Landscapes,2.6,1.43,2.15,1.04
Landscapes_070_h.jpg,Landscapes,2,1.08,2.25,1.48
Landscapes_071_h.jpg,Landscapes,3.95,1.02,2,1.3
Landscapes_072_h.jpg,Landscapes,3.35,1.3,2.48,1.5
Landscapes_073_h.jpg,Landscapes,4.6,1.1,2.93,1.8
Landscapes_074_h.jpg,Landscapes,2.3,1.3,2,1.03
Landscapes_075_h.jpg,Landscapes,3,1.48,2.26,1.32
Landscapes_076_h.jpg,Landscapes,2.53,1.39,2.21,1.47
Landscapes_077_v.jpg,Landscapes,3.11,1.66,3,1.56
Landscapes_078_h.jpg,Landscapes,3.15,0.81,2,1.38
Landscapes_079_v.jpg,Landscapes,2.9,1.29,2.1,1.25
Landscapes_080_h.jpg,Landscapes,3,1.1,1.95,1.28
Landscapes_081_h.jpg,Landscapes,2.57,1.4,1.71,1.27
Landscapes_082_v.jpg,Landscapes,4,0.98,1.95,1.43
Landscapes_083_h.jpg,Landscapes,3.41,1.37,2.55,1.65
Landscapes_084_v.jpg,Landscapes,4,1.27,2.18,1.47
Landscapes_085_h.jpg,Landscapes,3.43,1.38,2.17,1.37
Landscapes_086_v.jpg,Landscapes,4,1.49,2.74,1.37
Landscapes_087_h.jpg,Landscapes,4.5,1.05,3.4,1.7
Landscapes_088_v.jpg,Landscapes,3.68,1.45,2.26,1.37
Landscapes_089_h.jpg,Landscapes,3.95,1.51,2.42,1.43
Landscapes_090_h.jpg,Landscapes,3.47,1.65,2,1.33
Landscapes_091_h.jpg,Landscapes,3.09,1.41,1.5,1.01
Landscapes_092_h.jpg,Landscapes,3.77,1.22,2.57,1.28
Landscapes_093_h.jpg,Landscapes,4,1.38,3.25,1.55
Landscapes_094_h.jpg,Landscapes,4.55,1,3.65,1.6
Landscapes_095_h.jpg,Landscapes,3.27,1.24,2.27,1.35
Landscapes_096_h.jpg,Landscapes,4.11,1.52,2.58,1.26
Landscapes_097_v.jpg,Landscapes,4.35,1.04,3.4,1.39
Landscapes_098_h.jpg,Landscapes,4.77,0.9,2.7,1.86
Landscapes_099_v.jpg,Landscapes,4.15,1.39,3.55,1.67
Landscapes_100_h.jpg,Landscapes,3.9,1.02,2.9,1.45
Landscapes_101_v.jpg,Landscapes,3.68,1.13,1.95,1.17
Landscapes_102_h.jpg,Landscapes,3.86,1.28,2.77,1.51
Landscapes_103_v.jpg,Landscapes,4.32,1.25,2.58,1.3
Landscapes_104_h.jpg,Landscapes,4.14,1.04,2.18,1.4
Landscapes_105_v.jpg,Landscapes,4.16,1.21,2.63,1.38
Landscapes_106_v.jpg,Landscapes,4.67,1.03,2.73,1.72
Landscapes_107_h.jpg,Landscapes,3.68,1.63,2.63,1.38
Landscapes_108_v.jpg,Landscapes,4.47,0.97,2.53,1.46
Landscapes_109_h.jpg,Landscapes,3.79,1.47,2.47,1.31
Landscapes_110_v.jpg,Landscapes,3.59,1.14,2.32,1.32
Landscapes_111_h.jpg,Landscapes,4.6,0.93,2.8,1.54
Landscapes_112_v.jpg,Landscapes,4.2,1.01,2.65,1.42
Landscapes_113_h.jpg,Landscapes,4.55,0.96,2.91,1.69
Landscapes_114_v.jpg,Landscapes,4.14,1.24,2.68,1.64
Landscapes_115_v.jpg,Landscapes,4.7,0.88,2.93,1.8
Landscapes_116_v.jpg,Landscapes,4.65,0.59,2.95,1.67
Landscapes_117_h.jpg,Landscapes,3.55,1.1,2.3,1.45
Landscapes_118_v.jpg,Landscapes,2.3,1.45,2.85,1.53
Landscapes_119_h.jpg,Landscapes,4.25,1.07,2.25,1.33
Landscapes_120_v.jpg,Landscapes,3.75,1.29,2.7,1.34
Landscapes_121_h.jpg,Landscapes,4.7,0.66,3.4,1.57
Landscapes_122_v.jpg,Landscapes,4.26,1.19,2.74,1.33
Landscapes_123_h.jpg,Landscapes,4.6,0.75,3.15,1.63
Landscapes_124_h.jpg,Landscapes,4.5,0.8,2.77,1.72
Landscapes_125_h.jpg,Landscapes,4.47,1.12,2.84,1.38
Landscapes_126_h.jpg,Landscapes,3.68,1.28,2.07,1.33
Landscapes_127_h.jpg,Landscapes,4,1.03,2.8,1.4
Landscapes_128_h.jpg,Landscapes,3.77,1.19,2.41,1.5
Landscapes_129_v.jpg,Landscapes,2.05,1.36,2.1,1.55
Landscapes_130_h.jpg,Landscapes,3.36,1.42,2.39,1.57
Landscapes_131_h.jpg,Landscapes,3.95,1.32,2.65,1.35
Landscapes_132_h.jpg,Landscapes,4.1,1.41,2.35,1.27
Landscapes_133_h.jpg,Landscapes,4.15,1.42,2.65,1.39
Landscapes_134_h.jpg,Landscapes,3.9,1.37,3.15,1.66
Landscapes_135_h.jpg,Landscapes,2.71,1.67,3,1.7
Landscapes_136_h.jpg,Landscapes,4.3,1.17,3.1,1.68
Landscapes_137_h.jpg,Landscapes,4.14,1.13,2.64,1.68
Landscapes_138_h.jpg,Landscapes,4.5,1,2.18,1.59
Landscapes_139_h.jpg,Landscapes,1.95,1.33,2.14,1.58
Landscapes_140_v.jpg,Landscapes,4.7,0.98,3.45,1.54
Landscapes_141_h.jpg,Landscapes,4,1.38,3.4,1.47
Landscapes_142_h.jpg,Landscapes,4.23,1.23,3.27,1.58
Landscapes_143_h.jpg,Landscapes,3.96,1.45,2.7,1.61
Landscapes_144_h.jpg,Landscapes,2.95,1.32,2.4,1.39
Landscapes_145_h.jpg,Landscapes,3.45,1.82,3.05,1.73
Landscapes_146_h.jpg,Landscapes,4.2,1.2,2.85,1.66
Landscapes_147_h.jpg,Landscapes,4.25,1.02,3,1.38
Landscapes_148_h.jpg,Landscapes,3.32,1.52,2.57,1.37
Landscapes_149_h.jpg,Landscapes,3.25,1.62,2.4,1.47
Landscapes_150_v.jpg,Landscapes,4.4,0.68,2.2,1.36
Landscapes_151_h.jpg,Landscapes,4,1.2,2.91,1.8
Landscapes_152_h.jpg,Landscapes,4.32,1.09,2.64,1.43
Landscapes_153_h.jpg,Landscapes,3.89,1.17,2.07,1.21
Landscapes_154_h.jpg,Landscapes,4.61,0.88,2.54,1.71
Landscapes_155_h.jpg,Landscapes,3.35,1.46,2.65,1.46
Landscapes_156_h.jpg,Landscapes,3.85,1.5,3.3,1.53
Landscapes_157_h.jpg,Landscapes,4.18,1.33,3.32,1.67
Landscapes_158_h.jpg,Landscapes,3.77,1.31,2.32,1.36
Landscapes_159_h.jpg,Landscapes,3.35,1.69,3.2,1.77
Landscapes_160_v.jpg,Landscapes,2.9,1.17,2.05,1.28
Landscapes_161_h.jpg,Landscapes,4.29,1.08,2.11,1.52
Landscapes_162_h.jpg,Landscapes,4.05,1.1,2.9,1.59
Landscapes_163_h.jpg,Landscapes,3.65,1.18,2.8,1.58
Landscapes_164_h.jpg,Landscapes,4.3,1.3,2.7,1.63
Landscapes_165_h.jpg,Landscapes,4.57,1.1,2.36,1.77
Landscapes_166_h.jpg,Landscapes,4.3,1.3,2.8,1.64
Landscapes_167_h.jpg,Landscapes,2.85,1.09,2.25,1.29
Landscapes_168_h.jpg,Landscapes,4.7,0.98,3.45,1.57
Landscapes_169_h.jpg,Landscapes,4.23,1.19,3.23,1.72
Landscapes_170_h.jpg,Landscapes,2.65,1.31,2.35,1.42
Landscapes_171_v.jpg,Landscapes,4.05,1.43,2.75,1.74
Landscapes_172_h.jpg,Landscapes,3.3,1.42,1.75,0.97
Landscapes_173_h.jpg,Landscapes,4.29,1.15,2.96,1.55
Landscapes_174_h.jpg,Landscapes,4.25,0.97,2.75,1.48
Landscapes_175_h.jpg,Landscapes,3.55,1.28,2.5,1.43
Landscapes_176_h.jpg,Landscapes,4.53,1.07,2.95,1.61
Landscapes_177_h.jpg,Landscapes,3.15,1.84,2.9,1.77
Landscapes_178_h.jpg,Landscapes,4.2,1.47,3.6,1.64
Landscapes_179_h.jpg,Landscapes,4.14,1.39,2.86,1.73
Landscapes_180_h.jpg,Landscapes,4.68,0.65,2.82,1.5
Landscapes_181_h.jpg,Landscapes,3.5,1.26,2.45,1.5
Landscapes_182_v.jpg,Landscapes,2.8,1.58,2.7,1.53
Landscapes_183_h.jpg,Landscapes,4.73,0.55,3.05,1.68
Landscapes_184_h.jpg,Landscapes,4.23,0.92,2.09,1.34
Landscapes_185_v.jpg,Landscapes,4.5,0.83,3.15,1.53
Objects_002_h.jpg,Objects,3.32,1.8,2.79,1.78
Objects_003_h.jpg,Objects,1.45,0.76,2.8,1.44
Objects_004_h.jpg,Objects,1.4,0.88,2.7,1.34
Objects_008_h.jpg,Objects,2.45,1.79,2.23,1.57
Objects_009_h.jpg,Objects,2.95,1.43,2.85,1.66
Objects_010_h.jpg,Objects,2.5,1.44,2.32,1.59
Objects_011_h.jpg,Objects,2.4,1.67,2,1.67
Objects_014_h.jpg,Objects,3.15,1.76,2.05,1.39
Objects_016_h.jpg,Objects,2.7,1.3,2.9,1.52
Objects_020_h.jpg,Objects,2.3,1.3,1.85,1.42
Objects_022_h.jpg,Objects,2.2,1.61,2.25,1.71
Objects_024_v.jpg,Objects,3.15,1.42,2.25,1.12
Objects_025_h.jpg,Objects,4.6,1.1,3,1.75
Objects_026_v.jpg,Objects,2.25,1.33,2.05,1.39
Objects_028_v.jpg,Objects,2.2,1.51,2.35,1.81
Objects_029_h.jpg,Objects,3.91,1.34,2.86,1.64
Objects_030_v.jpg,Objects,3.14,1.64,2.73,1.7
Objects_031_h.jpg,Objects,3.9,1.52,3.05,1.67
Objects_032_v.jpg,Objects,4.4,0.82,3.05,1.61
Objects_033_h.jpg,Objects,4.14,1.28,2.86,1.49
Objects_034_v.jpg,Objects,1.96,1.32,3,1.83
Objects_035_h.jpg,Objects,2.05,1.43,1.82,1.47
Objects_036_v.jpg,Objects,2.5,1.47,1.86,1.28
Objects_037_h.jpg,Objects,4.18,1.47,2.77,1.66
Objects_038_v.jpg,Objects,3.15,1.26,2.44,1.45
Objects_039_h.jpg,Objects,2.27,1.55,2.27,1.78
Objects_040_v.jpg,Objects,2.8,1.94,1.85,1.35
Objects_041_h.jpg,Objects,4.35,1.27,2.85,1.66
Objects_042_h.jpg,Objects,3.61,1.45,3,1.39
Objects_043_h.jpg,Objects,2.95,1.29,2.23,1.48
Objects_044_v.jpg,Objects,2.59,1.4,1.82,1.14
Objects_045_h.jpg,Objects,3.09,1.41,2.09,1.54
Objects_046_h.jpg,Objects,4.32,1.13,2.82,1.79
Objects_047_h.jpg,Objects,1.9,1.48,2.05,1.54
Objects_048_h.jpg,Objects,2.96,1.48,2.46,1.5
Objects_049_h.jpg,Objects,3.6,1.43,2.84,1.64
Objects_050_h.jpg,Objects,2.15,1.5,2.35,1.69
Objects_051_h.jpg,Objects,2.3,1.42,2.95,1.7
Objects_052_h.jpg,Objects,2.55,1.74,1.91,1.31
Objects_053_h.jpg,Objects,1.46,0.92,3.21,1.77
Objects_054_h.jpg,Objects,3.25,1.33,2.75,1.33
Objects_056_h.jpg,Objects,2.41,1.44,1.45,0.86
Objects_057_h.jpg,Objects,2.36,1.53,2.14,1.49
Objects_058_h.jpg,Objects,3.45,1.37,2.09,1.34
Objects_059_h.jpg,Objects,2.68,1.64,1.68,1.04
Objects_060_h.jpg,Objects,2.32,1.68,2.75,1.69
Objects_061_h.jpg,Objects,3.32,1.61,2.79,1.55
Objects_062_h.jpg,Objects,3.32,1.73,2.86,1.7
Objects_063_v.jpg,Objects,1.91,1.38,2,1.38
Objects_064_v.jpg,Objects,3.35,1.6,2.63,1.61
Objects_065_h.jpg,Objects,1.55,1.1,1.9,1.65
Objects_066_v.jpg,Objects,2.95,1.53,2.14,1.55
Objects_067_h.jpg,Objects,3.55,1.15,2.7,1.38
Objects_068_v.jpg,Objects,1.55,0.89,1.85,1.5
Objects_069_h.jpg,Objects,4.1,1.33,2.95,1.54
Objects_070_v.jpg,Objects,3.68,1.43,2.82,1.56
Objects_071_h.jpg,Objects,2.82,1.4,1.95,1.25
Objects_072_v.jpg,Objects,2.35,1.39,2.7,1.49
Objects_073_h.jpg,Objects,2.95,1.43,2.4,1.39
Objects_074_v.jpg,Objects,4.05,1.15,2.85,1.6
Objects_075_h.jpg,Objects,4.15,1.57,3.4,1.64
Objects_076_v.jpg,Objects,3.89,1.45,2.86,1.65
Objects_077_h.jpg,Objects,4.45,1.06,2.36,1.62
Objects_078_h.jpg,Objects,2.65,1.6,2.95,1.39
Objects_079_h.jpg,Objects,3.6,1.39,2.95,1.1
Objects_080_h.jpg,Objects,4.86,0.47,2.95,1.94
Objects_081_h.jpg,Objects,3.8,1.2,2.75,1.37
Objects_082_h.jpg,Objects,3.75,1.21,3.6,1.14
Objects_083_h.jpg,Objects,3.7,1.66,3.1,1.68
Objects_084_v.jpg,Objects,4.32,1.16,2.25,1.38
Objects_085_h.jpg,Objects,4.5,1.1,3.65,1.42
Objects_086_h.jpg,Objects,4.1,1.33,2.8,1.51
Objects_088_h.jpg,Objects,1.77,1.34,2,1.6
Objects_089_h.jpg,Objects,2.7,1.49,2.95,1.39
Objects_090_h.jpg,Objects,2.73,1.58,2.05,1.59
Objects_091_h.jpg,Objects,3.4,1.57,2.55,1.54
Objects_092_v.jpg,Objects,3.45,1.7,2.6,1.64
Objects_093_h.jpg,Objects,2.11,1.07,2.75,1.67
Objects_094_v.jpg,Objects,2.68,1.6,2.63,1.54
Objects_095_h.jpg,Objects,3.64,1.29,2.77,1.63
Objects_096_v.jpg,Objects,3.75,1.52,2.75,1.45
Objects_097_h.jpg,Objects,2.86,1.49,2.18,1.4
Objects_099_h.jpg,Objects,1.79,1.32,1.85,1.39
Objects_100_v.jpg,Objects,2.6,1.54,2.7,1.45
Objects_101_h.jpg,Objects,2.45,1.47,2.25,1.41
Objects_102_v.jpg,Objects,4.1,1.48,3.1,1.62
Objects_104_v.jpg,Objects,2.5,1.47,3.1,1.68
Objects_106_v.jpg,Objects,2.86,1.52,1.77,1.31
Objects_107_h.jpg,Objects,3.05,1.64,2.9,1.74
Objects_108_v.jpg,Objects,2.45,1.5,2.05,1.32
Objects_109_h.jpg,Objects,2,1.51,1.91,1.38
Objects_110_v.jpg,Objects,1.54,0.84,3.21,1.75
Objects_111_h.jpg,Objects,1.6,0.99,2.3,1.22
Objects_112_h.jpg,Objects,3.05,1.64,2.05,1.47
Objects_113_h.jpg,Objects,2.5,1.57,2.05,1
Objects_114_h.jpg,Objects,2.1,0.97,1.65,1.14
Objects_116_v.jpg,Objects,2.25,1.21,2.82,1.54
Objects_117_h.jpg,Objects,2.64,1.4,2.32,1.49
Objects_120_h.jpg,Objects,2.71,1.45,2.38,1.66
Objects_122_h.jpg,Objects,1.95,1.36,2.32,1.73
Objects_123_h.jpg,Objects,2.75,1.59,2.4,1.6
Objects_124_h.jpg,Objects,2.45,1.53,2.38,1.4
Objects_125_h.jpg,Objects,1.64,1.26,2.14,1.58
Objects_128_h.jpg,Objects,2.11,1.1,2.57,1.35
Objects_129_h.jpg,Objects,2.5,1.36,2.4,1.54
Objects_130_h.jpg,Objects,3,0.86,2.3,1.22
Objects_133_h.jpg,Objects,2.91,1.77,2.55,1.79
Objects_134_h.jpg,Objects,2.2,1.15,2.1,1.07
Objects_135_h.jpg,Objects,3.05,1.43,1.82,1.44
Objects_136_h.jpg,Objects,2.4,1.57,2.2,1.51
Objects_138_h.jpg,Objects,2.82,1.56,2.32,1.52
Objects_140_h.jpg,Objects,3.27,1.32,2.27,1.55
Objects_141_h.jpg,Objects,2.07,1.05,2.54,1.4
Objects_142_h.jpg,Objects,2.05,1.36,1.95,1.39
Objects_144_h.jpg,Objects,2,1.15,3.04,1.45
Objects_146_h.jpg,Objects,2.65,1.27,1.95,1.32
Objects_150_h.jpg,Objects,3.09,1.41,2.18,1.44
Objects_151_h.jpg,Objects,2.82,1.14,1.95,1.25
Objects_152_v.jpg,Objects,2.45,1.54,2.35,1.63
Objects_153_h.jpg,Objects,1.7,0.92,1.45,0.83
Objects_155_h.jpg,Objects,2.32,1.32,1.77,1.15
Objects_156_v.jpg,Objects,2.9,1.48,1.7,1.13
Objects_157_h.jpg,Objects,1.8,0.95,1.65,1.14
Objects_158_h.jpg,Objects,2.05,1.43,2.41,1.74
Objects_159_v.jpg,Objects,2.05,1.32,1.6,1.1
Objects_160_h.jpg,Objects,2.86,1.67,2.91,1.72
Objects_161_v.jpg,Objects,2.55,1.39,1.95,1.39
Objects_162_h.jpg,Objects,2.29,1.18,2.29,1.18
Objects_163_v.jpg,Objects,2.36,1.1,2.43,1.48
Objects_164_h.jpg,Objects,2.39,1.1,2.54,1.55
Objects_165_v.jpg,Objects,2.96,1.48,2.61,1.59
Objects_166_h.jpg,Objects,3.68,1.32,2.38,1.4
Objects_167_v.jpg,Objects,3.36,1.36,1.86,0.99
Objects_168_v.jpg,Objects,2.7,1.34,2.25,1.41
Objects_169_h.jpg,Objects,3.59,1.18,2.73,1.58
Objects_170_v.jpg,Objects,2.41,1.37,2,1.27
Objects_171_h.jpg,Objects,3.82,1.4,2.32,1.59
Objects_172_v.jpg,Objects,4,1.23,2.36,1.56
Objects_173_h.jpg,Objects,2.3,1.45,1.7,1.26
Objects_174_v.jpg,Objects,2.86,1.21,2,1.15
Objects_175_h.jpg,Objects,2.5,1.26,2.14,1.46
Objects_176_v.jpg,Objects,3.35,1.23,2.15,1.5
Objects_177_h.jpg,Objects,2.4,1.35,2.1,1.45
Objects_178_v.jpg,Objects,3.4,1.47,2.35,1.66
Objects_179_h.jpg,Objects,2.81,1.11,2.61,1.47
Objects_180_v.jpg,Objects,3.5,1.5,2.27,1.52
Objects_181_h.jpg,Objects,2.47,1.31,1.95,1.22
Objects_182_v.jpg,Objects,1.65,0.93,1.55,1.1
Objects_183_h.jpg,Objects,3.09,1.34,1.64,1.09
Objects_184_v.jpg,Objects,2.23,1.27,2,1.27
Objects_185_h.jpg,Objects,2.82,1.36,2.32,1.56
Objects_186_v.jpg,Objects,3.15,1.09,2.15,1.35
Objects_187_h.jpg,Objects,3.36,1.36,2.32,1.32
Objects_188_v.jpg,Objects,2.09,1.38,2,1.63
Objects_189_h.jpg,Objects,2.7,1.49,1.8,1.28
Objects_190_h.jpg,Objects,4.73,0.63,3.05,1.84
Objects_191_v.jpg,Objects,3.64,1.29,2,1.38
Objects_192_h.jpg,Objects,3.55,1.73,2.74,1.59
Objects_193_v.jpg,Objects,3.7,1.13,2.85,1.53
Objects_194_h.jpg,Objects,3.15,1.35,2.45,1.43
Objects_195_v.jpg,Objects,3.95,1.13,1.86,1.24
Objects_196_h.jpg,Objects,3.35,1.66,2.4,1.35
Objects_197_v.jpg,Objects,2.64,1.26,1.86,1.08
Objects_198_h.jpg,Objects,4.5,1.05,2.8,1.51
Objects_199_v.jpg,Objects,3.61,1.26,2.39,1.62
Objects_200_h.jpg,Objects,2.5,1.57,1.8,0.95
Objects_201_v.jpg,Objects,2.54,1.23,2.07,1.3
Objects_202_h.jpg,Objects,3.5,1.82,3.05,1.73
Objects_203_v.jpg,Objects,2.61,1.29,2.18,1.19
Objects_204_h.jpg,Objects,2.55,1.28,1.74,1.19
Objects_205_h.jpg,Objects,4.89,0.57,2.71,1.76
Objects_206_h.jpg,Objects,1.5,0.83,1.65,1.27
Objects_207_h.jpg,Objects,2.4,1.14,2,1.21
Objects_208_h.jpg,Objects,3.25,1.68,2.4,1.47
Objects_209_h.jpg,Objects,3.29,1.33,2.04,1.37
Objects_210_h.jpg,Objects,3.4,1.35,2.65,1.42
Objects_211_h.jpg,Objects,3.05,1.19,2,1.2
Objects_212_h.jpg,Objects,2.45,1.19,2.25,1.41
Objects_213_h.jpg,Objects,3.35,1.73,2.75,1.8
Objects_214_h.jpg,Objects,3.64,1.29,2.32,1.52
Objects_215_v.jpg,Objects,2.45,1.05,2.75,1.21
Objects_216_h.jpg,Objects,2.32,1.19,2.54,1.62
Objects_217_h.jpg,Objects,4.05,0.76,2.75,1.59
Objects_218_h.jpg,Objects,1.5,1.05,2.65,1.53
Objects_219_h.jpg,Objects,3,1.22,2.64,1.42
Objects_220_h.jpg,Objects,3.32,1.49,2,1.45
Objects_221_h.jpg,Objects,2.45,1.47,1.85,1.09
Objects_222_h.jpg,Objects,2.05,1.19,1.85,1.27
Objects_223_h.jpg,Objects,2.68,1.53,1.95,1.35
Objects_224_h.jpg,Objects,2.79,1.13,2.46,1.45
Objects_225_h.jpg,Objects,2.39,1.2,2.54,1.48
Objects_226_h.jpg,Objects,3.05,1.23,2.5,1.32
Objects_227_v.jpg,Objects,2.6,1.35,1.8,1.11
Objects_228_h.jpg,Objects,2.3,1.45,2.25,1.71
Objects_229_h.jpg,Objects,2.05,1.28,2.3,1.42
Objects_230_h.jpg,Objects,3.3,1.49,2.8,1.51
Objects_231_h.jpg,Objects,2.43,1.23,2.43,1.43
Objects_232_h.jpg,Objects,2.11,1.1,2.63,1.5
Objects_233_h.jpg,Objects,2.3,1.53,2.55,1.73
Objects_234_h.jpg,Objects,2.14,0.97,2.68,1.44
Objects_235_h.jpg,Objects,2.32,0.94,2.64,1.47
Objects_236_h.jpg,Objects,2.23,1.27,1.73,1.12
Objects_237_h.jpg,Objects,3.35,0.88,2.37,1.21
Objects_238_h.jpg,Objects,2.1,1.21,1.6,1.1
Objects_239_v.jpg,Objects,3.79,1.69,3.26,1.69
Objects_240_h.jpg,Objects,3.85,0.93,2.95,1.57
Objects_241_h.jpg,Objects,3.86,1.3,2,1.19
Objects_242_h.jpg,Objects,2.5,1.41,1.73,1.28
Objects_243_h.jpg,Objects,2.65,1.57,2.25,1.71
Objects_244_h.jpg,Objects,3.25,1.59,2.75,1.68
Objects_245_h.jpg,Objects,4,1.38,3,1.52
Objects_246_h.jpg,Objects,3.5,1.61,3.05,1.54
Objects_247_h.jpg,Objects,4.4,0.88,3.4,1.43
Objects_248_h.jpg,Objects,1.9,1.25,1.65,1.35
Objects_249_v.jpg,Objects,2.15,1.23,1.45,0.83
Objects_250_h.jpg,Objects,3.59,1.14,1.91,1.19
Objects_251_v.jpg,Objects,2.64,1.19,2.54,1.43
Objects_252_h.jpg,Objects,2.1,1.33,1.5,0.89
Objects_253_v.jpg,Objects,2.82,1.44,1.68,1.13
Objects_254_h.jpg,Objects,3.85,1.04,2.65,1.6
Objects_255_v.jpg,Objects,3.1,1.55,2.6,1.47
Objects_256_h.jpg,Objects,3,1.65,2.75,1.65
Objects_257_h.jpg,Objects,3.75,1.27,2.32,1.42
Objects_258_h.jpg,Objects,3.75,1.21,1.78,1.05
Objects_259_h.jpg,Objects,3.65,1.42,2.85,1.69
Objects_260_h.jpg,Objects,4.18,1.33,2.82,1.56
Objects_261_h.jpg,Objects,3.73,1.61,2.55,1.63
Objects_262_h.jpg,Objects,4.55,0.83,3.95,1.39
Objects_263_h.jpg,Objects,4.15,0.93,2.75,1.59
Objects_264_v.jpg,Objects,3.91,1.63,2.64,1.71
Objects_265_h.jpg,Objects,3.95,1.05,2.8,1.64
Objects_266_h.jpg,Objects,4.36,0.9,2.23,1.57
Objects_267_v.jpg,Objects,2.75,1.55,2.1,1.52
Objects_268_h.jpg,Objects,2.45,1.32,1.9,1.48
Objects_269_h.jpg,Objects,2.91,1.54,2.36,1.56
Objects_270_h.jpg,Objects,3.73,1.39,2.32,1.59
Objects_271_h.jpg,Objects,2.8,1.91,2.3,1.72
Objects_272_h.jpg,Objects,2.75,1.77,2.45,1.7
Objects_273_h.jpg,Objects,3.86,1.42,2.73,1.67
Objects_274_h.jpg,Objects,4.09,1.23,3.18,1.62
Objects_275_v.jpg,Objects,2.18,1.37,1.73,1.24
Objects_276_h.jpg,Objects,4.14,1.17,2.91,1.54
Objects_277_h.jpg,Objects,1.8,1.11,1.55,0.83
Objects_278_h.jpg,Objects,3.32,1.12,2.18,1.31
Objects_279_h.jpg,Objects,4,1.41,2.9,1.59
Objects_280_v.jpg,Objects,3.32,1.49,2.09,1.51
Objects_281_h.jpg,Objects,2.45,1.47,1.4,0.99
Objects_282_h.jpg,Objects,2.05,1.4,1.73,1.24
Objects_283_h.jpg,Objects,3.2,1.96,2.9,1.65
Objects_284_h.jpg,Objects,3.73,1.67,2.77,1.63
Objects_286_h.jpg,Objects,2.68,1.49,2.09,1.51
Objects_287_h.jpg,Objects,2.35,1.42,2.1,1.52
Objects_288_h.jpg,Objects,3.59,1.5,2.36,1.56
Objects_289_h.jpg,Objects,4.05,1.17,2.41,1.4
Objects_290_h.jpg,Objects,4.4,1.27,3.15,1.76
Objects_291_h.jpg,Objects,4.32,1.13,3.45,1.63
Objects_292_h.jpg,Objects,3.85,0.99,2.95,1.39
Objects_293_h.jpg,Objects,2.93,1.36,2.54,1.5
Objects_294_h.jpg,Objects,3.67,1.28,2.67,1.62
Objects_295_h.jpg,Objects,2.91,1.38,1.5,0.96
Objects_296_h.jpg,Objects,3.27,1.32,2.23,1.54
Objects_297_h.jpg,Objects,3.9,1.12,2.85,1.42
Objects_298_h.jpg,Objects,3.14,1.21,2.14,1.46
Objects_299_h.jpg,Objects,3.41,1.56,2.23,1.41
Objects_300_h.jpg,Objects,4.18,1.44,2.43,1.79
Objects_301_h.jpg,Objects,4.82,0.61,2.75,1.86
Objects_302_h.jpg,Objects,3.45,1.53,2.23,1.63
Objects_303_h.jpg,Objects,3.35,1.46,2.15,1.39
Objects_304_h.jpg,Objects,3.7,1.03,3.2,1.4
Objects_305_h.jpg,Objects,3.64,1.4,2.91,1.54
Objects_306_h.jpg,Objects,3.9,1.48,2.9,1.68
Objects_307_v.jpg,Objects,2.57,1.03,2.07,1.27
Objects_308_h.jpg,Objects,3.3,1.53,2.8,1.64
Objects_309_h.jpg,Objects,3.7,1.75,3.1,1.62
Objects_310_h.jpg,Objects,4,1.07,2.27,1.52
Objects_311_h.jpg,Objects,3.1,1.65,2.25,1.71
Objects_312_h.jpg,Objects,4.29,0.9,2.29,1.33
Objects_313_h.jpg,Objects,3.2,1.24,2.85,1.31
Objects_314_h.jpg,Objects,2.59,1.44,2,1.54
Objects_315_h.jpg,Objects,3.41,1.59,2.32,1.73
Objects_316_h.jpg,Objects,3.3,1.42,2.85,1.23
Objects_317_h.jpg,Objects,4.23,1.15,2.64,1.65
Objects_318_h.jpg,Objects,2.91,1.63,1.91,1.27
Objects_319_h.jpg,Objects,4.3,1.49,3.2,1.61
Objects_320_h.jpg,Objects,3.82,1.26,2.14,1.46
Objects_321_h.jpg,Objects,3.9,1.33,3.1,1.48
Objects_322_h.jpg,Objects,4.23,1.51,3.05,1.79
Objects_323_h.jpg,Objects,4.59,0.8,2.59,1.82
Objects_324_h.jpg,Objects,4.71,0.81,2.54,1.64
Objects_325_h.jpg,Objects,4,1.34,2.9,1.37
Objects_326_h.jpg,Objects,4.14,1.25,2.18,1.44
Objects_327_h.jpg,Objects,3.7,1.08,3.05,1.47
People_001_h.jpg,People,1.39,0.69,2.82,1.74
People_004_h.jpg,People,2.05,1.19,2.42,1.77
People_005_h.jpg,People,3.85,1.6,3.2,1.64
People_006_h.jpg,People,3.25,1.71,3.2,1.61
People_008_h.jpg,People,2.5,1.5,2.32,1.52
People_009_h.jpg,People,2.05,1.32,2.4,1.73
People_011_h.jpg,People,2.8,1.82,1.95,1.54
People_012_h.jpg,People,2.11,1.13,2.86,1.65
People_014_h.jpg,People,3.15,1.31,2.75,1.29
People_015_h.jpg,People,2.86,1.55,1.86,1.28
People_016_h.jpg,People,2.9,1.65,2.6,1.85
People_017_h.jpg,People,3.14,1.73,2.73,1.75
People_018_h.jpg,People,3.14,1.72,3.11,1.62
People_021_h.jpg,People,3.2,1.67,2.8,1.58
People_026_h.jpg,People,4.5,0.96,2.39,1.47
People_027_h.jpg,People,2.95,1.76,2.6,1.6
People_028_h.jpg,People,3.25,1.55,2.68,1.57
People_029_h.jpg,People,4.16,1.3,3.74,1.19
People_030_h.jpg,People,3.89,1.41,3.26,1.63
People_032_h.jpg,People,2.18,1.36,2.86,1.69
People_033_h.jpg,People,1.63,1.07,1.95,1.47
People_035_h.jpg,People,1.6,1.47,1.9,1.45
People_041_h.jpg,People,3.54,1.35,2.21,1.4
People_043_h.jpg,People,2.77,1.38,1.95,1.36
People_044_h.jpg,People,4.8,0.62,2.85,1.42
People_045_h.jpg,People,2.05,1.57,1.9,1.55
People_046_h.jpg,People,3.16,1.57,2.53,1.43
People_047_h.jpg,People,3.6,1.47,2.25,1.29
People_048_h.jpg,People,3.8,0.95,2.75,1.41
People_049_h.jpg,People,3.25,1.53,2.29,1.63
People_050_v.jpg,People,4.21,0.99,2.25,1.51
People_051_h.jpg,People,4.5,1.14,3.23,1.77
People_052_h.jpg,People,4.93,0.38,2.5,1.73
People_054_h.jpg,People,4.45,0.83,3.45,1.47
People_055_h.jpg,People,4.25,1.07,3.25,1.55
People_056_h.jpg,People,2.95,1.29,1.91,1.48
People_061_h.jpg,People,3.11,1.49,2.74,1.52
People_063_h.jpg,People,2.8,1.7,2.2,1.79
People_065_h.jpg,People,3.14,1.41,2.11,1.37
People_066_v.jpg,People,2.61,1.62,2.61,1.73
People_067_h.jpg,People,3.3,1.78,2.85,1.79
People_068_h.jpg,People,3.11,1.63,2.74,1.69
People_069_h.jpg,People,2.57,1.2,2.43,1.53
People_078_v.jpg,People,2.95,1.36,1.95,1.53
People_080_h.jpg,People,1.46,0.84,2.71,1.76
People_081_v.jpg,People,2.73,1.75,2.55,1.47
People_082_h.jpg,People,2.54,1.1,2.25,1.14
People_083_h.jpg,People,1.95,1.28,2.15,1.6
People_085_h.jpg,People,2.59,1.5,1.64,1
People_087_h.jpg,People,1.57,1.03,2.68,1.74
People_089_h.jpg,People,3.14,1.35,1.96,1.09
People_090_v.jpg,People,2.15,1.5,3.1,1.92
People_091_h.jpg,People,3.36,1.5,2.41,1.71
People_092_v.jpg,People,3.73,1.32,2.36,1.53
People_093_h.jpg,People,3.37,1.26,2.79,1.44
People_094_h.jpg,People,2.05,1.33,1.68,1.21
People_095_h.jpg,People,2.32,1.17,1.64,1.14
People_096_h.jpg,People,4.05,1.46,2.82,1.68
People_097_h.jpg,People,2.73,1.42,1.59,1.14
People_098_h.jpg,People,4.1,1.62,3.6,1.73
People_099_h.jpg,People,4.42,1.07,3.42,1.64
People_100_h.jpg,People,4.21,1.13,2.5,1.53
People_101_h.jpg,People,3.2,1.7,3,1.76
People_102_h.jpg,People,3.71,1.27,2.04,1.29
People_103_h.jpg,People,4.05,1.64,2.65,1.76
People_104_h.jpg,People,2.8,1.82,2.7,1.95
People_105_h.jpg,People,2.73,1.39,1.77,1.19
People_106_v.jpg,People,3.14,1.58,2.09,1.51
People_107_h.jpg,People,4.37,0.76,2.84,1.68
People_108_h.jpg,People,4.54,0.96,2.32,1.68
People_109_h.jpg,People,2.95,1.75,2.21,1.4
People_110_h.jpg,People,4.27,1.08,2.14,1.58
People_111_h.jpg,People,4.45,1.06,2.59,1.44
People_112_h.jpg,People,3.53,1.5,2.74,1.63
People_113_h.jpg,People,4.26,1.05,2.68,1.63
People_114_h.jpg,People,3.2,1.47,2.95,1.54
People_115_h.jpg,People,3.47,1.26,2.68,1.49
People_116_h.jpg,People,4.3,1.34,3.1,1.77
People_117_h.jpg,People,3.05,1.36,1.77,1.41
People_118_h.jpg,People,2.05,1.46,1.5,0.96
People_119_h.jpg,People,1.47,0.7,1.74,1.19
People_120_h.jpg,People,1.68,1.11,1.89,1.37
People_121_h.jpg,People,2.05,1.43,1.41,0.96
People_122_h.jpg,People,1.89,1.34,2.68,1.74
People_123_h.jpg,People,2.95,1.78,2.79,1.65
People_125_h.jpg,People,1.57,0.84,2.71,1.7
People_126_h.jpg,People,2.25,0.91,2.35,1.5
People_130_h.jpg,People,4.68,0.86,2.25,1.62
People_131_h.jpg,People,3.3,1.49,3.4,1.43
People_132_h.jpg,People,3.4,1.39,2.9,1.62
People_133_h.jpg,People,2.64,1.33,2.09,1.41
People_134_h.jpg,People,2.68,1.73,1.45,0.96
People_135_h.jpg,People,1.68,1.06,2.64,1.73
People_136_h.jpg,People,1.95,1.57,2.3,1.72
People_137_h.jpg,People,2.64,1.29,1.64,1.14
People_138_h.jpg,People,3.15,1.84,2.45,1.61
People_139_h.jpg,People,3.3,1.34,2.9,1.52
People_141_h.jpg,People,2.21,1.51,2.11,1.56
People_142_h.jpg,People,1.8,1.32,2,1.45
People_143_h.jpg,People,1.2,0.52,2.15,1.5
People_144_h.jpg,People,1.65,1.18,2.05,1.39
People_145_h.jpg,People,1.85,0.81,1.85,0.99
People_146_h.jpg,People,2.5,1.07,2.25,1.43
People_148_h.jpg,People,3.09,1.41,1.95,1.43
People_149_h.jpg,People,2.59,1.4,2,1.31
People_150_h.jpg,People,2.47,1.31,1.47,0.77
People_151_h.jpg,People,3.8,1.11,2.45,1.36
People_152_h.jpg,People,3.63,1.5,2.68,1.16
People_153_h.jpg,People,4.18,1.1,2.55,1.6
People_154_h.jpg,People,3.55,1.76,2.5,1.76
People_156_h.jpg,People,1.63,0.9,1.58,1.3
People_157_h.jpg,People,4.23,1.34,1.91,1.57
People_158_h.jpg,People,3.65,1.69,2.75,1.65
People_159_h.jpg,People,2.45,1.05,2.1,1.25
People_160_h.jpg,People,4.41,1.01,2.82,1.68
People_161_h.jpg,People,4.11,1.49,3.21,1.62
People_162_h.jpg,People,2.95,1.51,1.84,1.34
People_163_v.jpg,People,2.8,1.67,2.55,1.73
People_164_h.jpg,People,2.5,1.41,1.59,1.18
People_165_v.jpg,People,2.9,1.68,2.05,1.28
People_166_h.jpg,People,3.18,1.33,1.86,1.21
People_167_h.jpg,People,3.45,1.88,2.35,1.69
People_168_h.jpg,People,3.64,1.5,2.55,1.57
People_169_h.jpg,People,3,1.63,2,1.05
People_170_v.jpg,People,2,1.49,2.26,1.66
People_171_v.jpg,People,3.61,1.31,2.07,1.39
People_172_v.jpg,People,3.86,1.32,2.76,1.76
People_173_h.jpg,People,3.68,1.39,2.05,1.29
People_174_v.jpg,People,3.18,1.37,1.91,1.41
People_175_h.jpg,People,3.75,1.12,3.3,1.49
People_176_h.jpg,People,3.59,1.42,2.76,1.44
People_177_h.jpg,People,4.18,0.9,2.78,1.37
People_178_h.jpg,People,3.82,1.38,2.59,1.18
People_179_h.jpg,People,4.05,1.5,2.9,1.74
People_180_h.jpg,People,3.91,1.44,2.68,1.52
People_182_h.jpg,People,3.8,1.15,3.2,1.51
People_183_h.jpg,People,3.65,1.41,3.41,1.28
People_184_h.jpg,People,2,1.12,2.43,1.6
People_185_h.jpg,People,4.14,1.13,2.41,1.56
People_186_h.jpg,People,4.14,1.27,2.18,1.47
People_187_h.jpg,People,4.18,1.18,2.41,1.44
People_188_h.jpg,People,4.6,1.23,3.6,1.6
People_189_h.jpg,People,4.5,0.8,2.82,1.56
People_190_h.jpg,People,4.82,0.5,2.95,1.86
People_191_h.jpg,People,3.7,1.63,2.8,1.77
People_192_h.jpg,People,3.71,1.36,2.59,1.42
People_193_h.jpg,People,4.55,0.74,3.14,1.64
People_194_h.jpg,People,2.86,1.42,1.91,1.38
People_195_h.jpg,People,3,1.66,2.29,1.45
People_196_h.jpg,People,4.23,1.07,2.86,1.52
People_210_h.jpg,People,2.09,1.41,2,1.72
People_219_h.jpg,People,2.36,1.59,1.91,1.44
People_239_h.jpg,People,1.41,1.06,2.06,1.71
People_244_v.jpg,People,2.27,1.58,2.41,1.74
People_248_h.jpg,People,4.15,0.88,3.2,1.24
People_249_h.jpg,People,3.68,1.55,2.32,1.67
People_250_h.jpg,People,3.5,1.5,2.35,1.69
 , ,,,,
