block1,block2,block3,block4,block5
Objects_108_v.jpg,Faces_180_h.jpg,Faces_346_v.jpg,Landscapes_032_v.jpg,Objects_120_h.jpg
Objects_095_h.jpg,Landscapes_021_h.jpg,Objects_214_h.jpg,Landscapes_143_h.jpg,Landscapes_120_v.jpg
Faces_150_h.jpg,People_119_h.jpg,Faces_017_h.jpg,Objects_003_h.jpg,Objects_004_h.jpg
Objects_075_h.jpg,Landscapes_150_v.jpg,Objects_086_h.jpg,Animals_213_h.jpg,Landscapes_133_h.jpg
Faces_181_v.jpg,Animals_217_h.jpg,Faces_319_v.jpg,Landscapes_043_h.jpg,Objects_278_h.jpg
People_085_h.jpg,Faces_261_v.jpg,Objects_113_h.jpg,Animals_087_h.jpg,Objects_036_v.jpg
Faces_349_h.jpg,Faces_200_h.jpg,People_017_h.jpg,Landscapes_049_h.jpg,Faces_131_v.jpg
People_143_h.jpg,Objects_053_h.jpg,Animals_041_h.jpg,People_001_h.jpg,Faces_011_h.jpg
Animals_177_h.jpg,Objects_262_h.jpg,People_108_h.jpg,Animals_175_h.jpg,Animals_114_h.jpg
Landscapes_026_h.jpg,People_136_h.jpg,Animals_069_h.jpg,Objects_222_h.jpg,Faces_332_v.jpg
Faces_279_h.jpg,People_239_h.jpg,People_080_h.jpg,Animals_005_h.jpg,Landscapes_011_h.jpg
People_166_h.jpg,Faces_229_v.jpg,Faces_324_h.jpg,Objects_308_h.jpg,People_046_h.jpg
Objects_254_h.jpg,Faces_136_v.jpg,Animals_122_h.jpg,Animals_124_v.jpg,Faces_123_h.jpg
Objects_248_h.jpg,Faces_176_h.jpg,People_142_h.jpg,People_087_h.jpg,Faces_152_h.jpg
Landscapes_058_h.jpg,Objects_099_h.jpg,People_120_h.jpg,Objects_047_h.jpg,People_083_h.jpg
Objects_324_h.jpg,Animals_092_h.jpg,Animals_137_h.jpg,Animals_178_v.jpg,Animals_173_h.jpg
Animals_106_h.jpg,Objects_049_h.jpg,Objects_079_h.jpg,Objects_074_v.jpg,People_030_h.jpg
People_196_h.jpg,Landscapes_097_v.jpg,Animals_193_h.jpg,Animals_095_h.jpg,Faces_079_h.jpg
Animals_149_v.jpg,Landscapes_098_h.jpg,People_193_h.jpg,People_051_h.jpg,Animals_090_h.jpg
Faces_015_h.jpg,Faces_165_v.jpg,Objects_221_h.jpg,Objects_144_h.jpg,Animals_052_v.jpg
Objects_168_v.jpg,Animals_145_h.jpg,Faces_350_h.jpg,Faces_045_h.jpg,Animals_015_h.jpg
Objects_183_h.jpg,Faces_311_h.jpg,People_174_v.jpg,Objects_169_h.jpg,Animals_165_h.jpg
Landscapes_034_h.jpg,Animals_080_h.jpg,People_054_h.jpg,Landscapes_141_h.jpg,Animals_132_h.jpg
Faces_225_v.jpg,Objects_158_h.jpg,Faces_302_h.jpg,Faces_128_h.jpg,Faces_054_v.jpg
