ID,Category,Nr,V/H,Description,Valence,Arousal,Width,Height,Luminance,Contrast
Animals_001_h,Animals,1,h,Dead Stork,2.57,6.44,1600,1200,126.05,68.45
Animals_008_v,Animals,8,v,Fighting Chickens,2.63,6.8,1200,1600,88.94,69.76
Animals_010_h,Animals,10,h,Sick Kitten,4.59,5.9,1600,1200,110.14,65.48
Animals_013_h,Animals,13,h,Dead Deer,2.9,6.73,1600,1200,104.82,71.88
Animals_016_h,Animals,16,h,Dead Hamster,2.67,6.92,1600,1200,181.19,62.59
Animals_017_v,Animals,17,v,Dead Bird,3.23,5.54,1200,1600,129.78,36.96
Animals_018_h,Animals,18,h,Dead Frog,3.34,6.17,1600,1200,68.15,66.89
Animals_019_h,Animals,19,h,Dead Kangaroo,2.68,6.4,1600,1200,135.47,50.9
Animals_024_h,Animals,24,h,Dead Cat,2.44,6.75,1600,1200,88.66,68.53
Animals_025_h,Animals,25,h,Sheep,2.65,6.63,1600,1200,90.61,48.83
Animals_027_h,Animals,27,h,Dead Bird,2.55,6.34,1600,1200,90.29,51.94
Animals_029_v,Animals,29,v,Horse Legs,3.1,6.13,1200,1600,122.31,73.55
Animals_032_h,Animals,32,h,Kangaroo Skeleton,2.96,6.3,1600,1200,112.84,39.92
Animals_033_h,Animals,33,h,Dead Bird,2.41,6.61,1600,1200,173.34,60.12
Animals_038_h,Animals,38,h,Dead Wild Boar,2.96,6.68,1600,1200,143.27,62.22
Animals_039_h,Animals,39,h,Dead Dog,2.46,7.19,1600,1200,94.14,67.23
Animals_045_h,Animals,45,h,Dead Bird,3.02,6.82,1600,1200,111.02,63.92
Animals_047_h,Animals,47,h,Lion,4.94,5.79,1600,1200,112.56,61.68
Animals_048_h,Animals,48,h,Starved Dog,2.85,6.62,1600,1200,107.32,61.73
Animals_049_h,Animals,49,h,Sick Dog,3.7,5.88,1600,1200,128.38,76.37
Animals_054_h,Animals,54,h,Starved Dog,2.64,6.53,1600,1200,119.68,63.64
Animals_056_h,Animals,56,h,Dead Cat,1.86,7.5,1600,1200,102.79,66.73
Animals_057_h,Animals,57,h,Dead Crow,2.92,5.69,1600,1200,136.98,70.86
Animals_060_h,Animals,60,h,Sick Snow Leopard,3.02,6.59,1600,1200,110.91,67.33
Animals_062_h,Animals,62,h,Dead Cow,2.49,6.49,1600,1200,114.81,49.19
Animals_063_h,Animals,63,h,Dead Deer,2.47,7.06,1600,1200,134.8,48.02
Animals_064_v,Animals,64,v,Dead Fish,2.96,5.98,1200,1600,56.1,39.14
Animals_067_h,Animals,67,h,Dead Mouse,2.96,6.0,1600,1200,141.38,64.1
Animals_068_h,Animals,68,h,Dead Chinchillas,2.56,6.63,1600,1200,142.57,63.56
Animals_071_h,Animals,71,h,Dead Moose,2.35,6.68,1600,1200,125.42,57.89
Animals_073_h,Animals,73,h,Dead Lion,3.8,7.35,1600,1200,99.68,49.04
Animals_074_h,Animals,74,h,Starved Dog,1.7,7.37,1600,1200,137.4,69.78
Animals_075_h,Animals,75,h,Sick Chinchilla,3.04,6.43,1600,1200,109.96,58.45
Animals_077_h,Animals,77,h,Sick Dog,2.02,7.48,1600,1200,109.72,68.56
Animals_078_h,Animals,78,h,Dead Mouse,2.26,6.68,1600,1200,121.01,55.45
Animals_150_h,Animals,150,h,Sea Lions,5.96,4.8,1600,1200,128.94,61.32
Animals_204_h,Animals,204,h,Frogs,6.41,4.74,1600,1200,107.9,44.5
Animals_207_h,Animals,207,h,Dog'S Teeth,3.06,6.69,1600,1200,72.48,58.93
Faces_003_h,Faces,3,h,Children,3.1,6.77,1600,1200,61.89,57.73
Faces_007_h,Faces,7,h,Amputee Boy,2.87,6.65,1600,1200,131.73,76.45
Faces_009_h,Faces,9,h,Hurting Child,2.48,6.8,1600,1200,55.75,69.0
Faces_010_h,Faces,10,h,Child With Burns,2.24,7.73,1600,1200,120.67,65.14
Faces_013_h,Faces,13,h,Child In A Rescue Sled,3.11,6.42,1600,1200,84.93,64.81
Faces_016_h,Faces,16,h,Armed Children,2.92,7.02,1600,1200,83.27,80.65
Faces_018_h,Faces,18,h,Armed Boys,2.41,6.8,1600,1200,95.82,60.48
Faces_019_h,Faces,19,h,Baby With Cleft Lip,2.79,6.65,1600,1200,128.83,62.2
Faces_025_h,Faces,25,h,Baby In Incubator,3.75,6.28,1600,1200,122.82,61.06
Faces_027_h,Faces,27,h,Boy,3.67,6.08,1600,1200,116.52,61.37
Faces_028_h,Faces,28,h,Wounded Woman And A Child,2.75,6.72,1600,1200,125.99,66.95
Faces_029_h,Faces,29,h,Baby In Incubator,4.55,5.72,1600,1200,144.33,65.03
Faces_031_v,Faces,31,v,Amputee Girl,2.79,6.81,1200,1600,91.25,54.27
Faces_032_h,Faces,32,h,Boy With A Cigarette,2.63,6.4,1600,1200,111.65,45.27
Faces_033_h,Faces,33,h,Boys With Crutches,3.79,5.9,1600,1200,83.06,73.69
Faces_034_h,Faces,34,h,Sick Child,3.23,6.68,1600,1200,113.56,76.61
Faces_038_h,Faces,38,h,Boy With A Gun,4.28,6.43,1600,1200,116.6,57.86
Faces_052_h,Faces,52,h,Girl Sleeping,6.74,3.12,1600,1200,89.14,74.36
Faces_104_h,Faces,104,h,Girl Smiling,7.55,4.54,1600,1200,130.12,73.31
Faces_141_v,Faces,141,v,Children Playing,6.66,5.19,1200,1600,95.7,63.38
Faces_143_v,Faces,143,v,Mutilated Face,1.85,7.44,1200,1600,157.48,82.88
Faces_145_v,Faces,145,v,Mutilated Face,2.29,7.35,1200,1600,126.61,60.28
Faces_147_v,Faces,147,v,Mutilated Face,2.84,6.92,1200,1600,101.52,82.55
Faces_149_v,Faces,149,v,Mutilated Face,2.3,7.61,1200,1600,124.87,83.86
Faces_151_v,Faces,151,v,Mutilated Face,3.14,6.06,1200,1600,177.8,57.31
Faces_153_v,Faces,153,v,Mutilated Face,2.65,6.83,1200,1600,182.2,62.41
Faces_159_h,Faces,159,h,Mutilated Face,1.93,7.37,1600,1200,102.23,66.05
Faces_160_v,Faces,160,v,Woman,4.45,5.94,1200,1600,107.18,85.79
Faces_170_h,Faces,170,h,Wounded Man,2.74,6.85,1600,1200,114.78,79.02
Faces_174_h,Faces,174,h,Mutilated Face,2.59,6.94,1600,1200,127.69,66.22
Faces_264_h,Faces,264,h,Butcher Woman,5.18,5.8,1600,1200,105.93,63.09
Faces_265_h,Faces,265,h,Butcher,3.75,6.26,1600,1200,121.48,62.18
Faces_266_h,Faces,266,h,Butcher,4.5,5.53,1600,1200,139.25,63.36
Faces_268_h,Faces,268,h,Butcher Woman,4.74,5.31,1600,1200,125.93,72.76
Faces_269_v,Faces,269,v,Soldier,3.53,6.54,1200,1600,85.83,70.15
Faces_270_h,Faces,270,h,Man With A Gun,3.56,6.54,1600,1200,138.07,72.66
Faces_271_h,Faces,271,h,Men With Guns,3.49,6.48,1600,1200,78.69,72.98
Faces_272_h,Faces,272,h,Masked Men With Guns,3.66,6.58,1600,1200,97.05,69.17
Faces_273_h,Faces,273,h,Man With Guns,3.75,6.14,1600,1200,95.44,68.26
Faces_274_h,Faces,274,h,Man With Guns,3.4,6.69,1600,1200,119.43,74.47
Faces_275_h,Faces,275,h,Elderly Man,4.48,5.85,1600,1200,126.65,77.39
Faces_280_h,Faces,280,h,Box Fighters,3.94,6.4,1600,1200,95.64,82.41
Faces_284_h,Faces,284,h,Crippled Man,2.43,6.83,1600,1200,136.51,46.74
Faces_291_h,Faces,291,h,Police Arresting Someone,3.08,6.8,1600,1200,70.24,73.07
Faces_292_h,Faces,292,h,Man,5.18,5.76,1600,1200,98.79,54.17
Faces_293_h,Faces,293,h,Police Arresting Someone,2.44,7.08,1600,1200,109.07,76.14
Faces_298_h,Faces,298,h,Fighter,3.41,6.34,1600,1200,97.15,60.33
Faces_300_h,Faces,300,h,Elderly Man,3.53,6.07,1600,1200,201.35,78.12
Faces_330_v,Faces,330,v,People Showering,7.0,4.68,1200,1600,71.58,41.75
Faces_345_h,Faces,345,h,Men Smiling,7.3,4.22,1600,1200,76.7,64.51
Faces_362_v,Faces,362,v,Mutilated Face,2.53,6.89,1200,1600,118.41,46.04
Faces_363_v,Faces,363,v,Mutilated Face,2.77,6.27,1200,1600,138.31,71.66
Faces_364_v,Faces,364,v,Mutilated Face,1.76,7.69,1200,1600,139.91,65.68
Faces_365_v,Faces,365,v,Mutilated Face,1.98,7.1,1200,1600,125.89,43.04
Faces_366_h,Faces,366,h,Mutilated Face,2.11,7.07,1600,1200,119.62,82.72
Faces_367_h,Faces,367,h,Mutilated Face,1.65,7.6,1600,1200,117.95,73.62
Faces_368_h,Faces,368,h,Mutilated Face,2.79,6.66,1600,1200,110.36,82.3
Faces_369_v,Faces,369,v,Mutilated Face,3.52,6.18,1200,1600,113.3,71.55
Faces_371_v,Faces,371,v,Mutilated Face,1.73,7.56,1200,1600,90.14,57.76
Landscapes_001_h,Landscapes,1,h,Concentration Camp,3.64,5.52,1600,1200,161.51,81.55
Landscapes_002_h,Landscapes,2,h,Concentration Camp,2.8,6.44,1600,1200,143.53,70.58
Objects_001_h,Objects,1,h,Burning Car,2.72,7.15,1600,1200,121.56,61.22
Objects_005_h,Objects,5,h,Fish,4.06,5.73,1600,1200,93.19,58.04
Objects_006_h,Objects,6,h,Meat,3.37,6.15,1600,1200,70.97,49.08
Objects_007_h,Objects,7,h,Meat,2.98,6.24,1600,1200,157.72,63.34
Objects_012_h,Objects,12,h,Meat,3.86,5.69,1600,1200,100.9,65.02
Objects_013_h,Objects,13,h,Meat,3.47,6.27,1600,1200,104.69,70.47
Objects_015_v,Objects,15,v,Meat,4.53,5.65,1200,1600,112.75,52.03
Objects_017_v,Objects,17,v,Meat,4.0,5.88,1200,1600,76.91,55.48
Objects_018_h,Objects,18,h,Meat,4.06,5.82,1600,1200,102.36,61.0
Objects_019_h,Objects,19,h,Meat,4.47,5.78,1600,1200,84.4,57.69
Objects_021_v,Objects,21,v,Meat,3.6,6.2,1200,1600,100.51,72.47
Objects_023_v,Objects,23,v,Meat,3.72,6.1,1200,1600,98.5,72.21
Objects_027_h,Objects,27,h,Sausages,5.7,5.33,1600,1200,92.94,61.21
Objects_055_v,Objects,55,v,Beer,5.89,4.62,1200,1600,54.75,70.02
Objects_087_h,Objects,87,h,Durian,5.86,4.71,1600,1200,112.46,61.59
Objects_098_v,Objects,98,v,Carrots,6.79,4.04,1200,1600,120.81,48.56
Objects_103_h,Objects,103,h,French Fries,6.86,4.88,1600,1200,122.42,60.99
Objects_105_h,Objects,105,h,Knives,4.44,6.2,1600,1200,107.25,65.43
Objects_115_h,Objects,115,h,Coal,4.74,5.04,1600,1200,106.57,67.45
Objects_118_v,Objects,118,v,Handcuffs,4.2,5.77,1200,1600,122.24,75.49
Objects_119_h,Objects,119,h,Knife,5.04,5.52,1600,1200,187.96,49.77
Objects_121_v,Objects,121,v,Toilet,3.04,6.44,1200,1600,162.37,75.95
Objects_126_h,Objects,126,h,Glass,3.28,6.24,1600,1200,46.66,72.28
Objects_127_h,Objects,127,h,Dustbin,3.66,5.38,1600,1200,97.27,66.51
Objects_131_h,Objects,131,h,Knives,4.71,5.37,1600,1200,175.9,78.03
Objects_132_h,Objects,132,h,Straps,2.88,6.76,1600,1200,131.23,86.4
Objects_137_h,Objects,137,h,Guns,3.87,5.87,1600,1200,152.26,79.02
Objects_139_h,Objects,139,h,Doll Head,2.08,6.64,1600,1200,81.15,66.38
Objects_143_h,Objects,143,h,Guns And Knives,3.91,6.13,1600,1200,140.49,87.16
Objects_145_h,Objects,145,h,Coffins,3.47,5.16,1600,1200,112.69,69.34
Objects_147_v,Objects,147,v,Knife,4.9,5.45,1200,1600,141.8,33.54
Objects_148_h,Objects,148,h,Guns And Handcuffs,3.39,6.7,1600,1200,152.09,69.72
Objects_149_h,Objects,149,h,Blood,2.28,7.18,1600,1200,133.66,44.55
Objects_154_h,Objects,154,h,Blood,3.32,6.22,1600,1200,158.49,71.07
Objects_285_h,Objects,285,h,Crashed Motorcycle,2.73,6.53,1600,1200,67.96,44.7
Objects_328_h,Objects,328,h,Pig,3.78,6.27,1600,1200,93.5,80.78
People_002_v,People,2,v,Car Crash,2.96,6.4,1200,1600,124.7,71.31
People_003_h,People,3,h,Car Crash,2.6,7.11,1600,1200,72.74,69.95
People_007_h,People,7,h,Car Crash,3.15,6.45,1600,1200,58.59,61.38
People_010_h,People,10,h,Accident,3.37,6.14,1600,1200,99.71,61.47
People_013_v,People,13,v,Car Crash,2.53,6.65,1200,1600,89.27,66.56
People_019_v,People,19,v,Broken Leg,2.8,6.43,1200,1600,132.67,73.25
People_020_h,People,20,h,Car Crash,2.43,6.78,1600,1200,69.02,51.15
People_022_h,People,22,h,Car Crash,2.13,6.48,1600,1200,106.36,56.17
People_023_h,People,23,h,Accident,3.06,7.33,1600,1200,105.33,66.69
People_024_v,People,24,v,Butcher,3.91,5.81,1200,1600,144.52,66.54
People_025_v,People,25,v,Butcher,3.43,6.31,1200,1600,74.44,42.53
People_031_v,People,31,v,Burns,2.28,6.92,1200,1600,70.87,48.38
People_034_h,People,34,h,Infant,4.29,6.62,1600,1200,100.64,61.1
People_036_h,People,36,h,Infant In Incubator,4.77,5.73,1600,1200,128.35,67.84
People_037_h,People,37,h,Infant In Incubator,3.65,6.92,1600,1200,130.82,52.1
People_038_h,People,38,h,Assault,1.73,8.05,1600,1200,124.25,66.33
People_039_v,People,39,v,Starved Child,2.76,6.49,1200,1600,117.71,44.57
People_040_h,People,40,h,Infant In Incubator,4.36,6.69,1600,1200,139.87,72.0
People_042_h,People,42,h,Child,5.31,5.32,1600,1200,59.49,61.76
People_053_h,People,53,h,Child,4.17,5.94,1600,1200,131.69,65.68
People_057_h,People,57,h,Marketplace,4.47,5.74,1600,1200,54.67,51.03
People_058_h,People,58,h,Butcher,3.11,6.57,1600,1200,120.5,60.63
People_059_v,People,59,v,Butcher Woman,4.38,5.75,1200,1600,100.01,59.12
People_060_v,People,60,v,Butcher Woman,4.27,5.76,1200,1600,71.54,60.82
People_062_v,People,62,v,Butcher,3.83,5.78,1200,1600,94.99,53.17
People_064_h,People,64,h,Fruit Stall,6.5,4.13,1600,1200,91.68,58.73
People_070_v,People,70,v,Gun,3.45,6.67,1200,1600,37.79,59.93
People_071_h,People,71,h,Man With Gun,3.35,6.31,1600,1200,126.75,87.92
People_072_v,People,72,v,Knuckle Duster,3.38,6.24,1200,1600,103.58,72.9
People_073_v,People,73,v,Man With Gun,3.95,6.56,1200,1600,141.24,65.78
People_074_v,People,74,v,Soldier,3.88,6.42,1200,1600,94.65,69.51
People_075_v,People,75,v,Swastika,2.75,6.63,1200,1600,71.6,40.65
People_076_h,People,76,h,Gun,4.43,5.96,1600,1200,61.58,55.97
People_077_v,People,77,v,Injection,3.11,6.76,1200,1600,160.29,75.28
People_079_h,People,79,h,Scythe,4.08,5.97,1600,1200,157.56,76.19
People_084_h,People,84,h,Soldier,3.23,6.71,1600,1200,135.59,87.09
People_086_h,People,86,h,Soldier,3.06,7.02,1600,1200,90.77,63.73
People_088_v,People,88,v,Soldier,3.24,6.96,1200,1600,97.58,75.12
People_124_h,People,124,h,Police Arresting Someone,3.02,6.35,1600,1200,74.1,62.84
People_127_h,People,127,h,Assault,2.15,7.62,1600,1200,81.43,74.35
People_128_h,People,128,h,Wounded Child,2.23,7.75,1600,1200,82.24,68.66
People_129_h,People,129,h,Wound,3.52,6.08,1600,1200,152.92,59.87
People_140_h,People,140,h,Wounded People,2.42,6.48,1600,1200,100.49,52.93
People_147_h,People,147,h,Patient,3.13,6.22,1600,1200,139.93,60.38
People_155_h,People,155,h,Legs,5.36,5.61,1600,1200,80.12,52.62
People_181_v,People,181,v,Swimming Pool,7.48,4.76,1200,1600,128.94,56.05
People_197_h,People,197,h,Pimple,2.97,5.97,1600,1200,149.71,49.3
People_198_h,People,198,h,Mutilated Leg,1.58,7.56,1600,1200,171.88,62.54
People_199_v,People,199,v,Surgery,2.79,7.13,1200,1600,73.1,37.32
People_200_h,People,200,h,Dead Bodies,2.27,6.93,1600,1200,133.62,67.41
People_201_v,People,201,v,Accident,1.87,7.51,1200,1600,35.93,51.44
People_202_h,People,202,h,Surgery,2.58,7.11,1600,1200,70.16,72.62
People_203_v,People,203,v,Surgery,4.73,6.29,1200,1600,74.67,44.12
People_204_v,People,204,v,Skin Inflammation,2.4,6.78,1200,1600,106.36,62.13
People_205_v,People,205,v,Drowned Man,2.09,7.2,1200,1600,119.22,63.5
People_206_h,People,206,h,Burns,3.36,6.32,1600,1200,124.58,49.85
People_207_v,People,207,v,Burns,3.56,6.59,1200,1600,61.6,65.37
People_208_h,People,208,h,Dead Body,1.85,7.67,1600,1200,107.29,57.65
People_209_v,People,209,v,Surgery,2.73,6.73,1200,1600,103.11,68.89
People_211_v,People,211,v,Mutilated Hand,1.88,7.63,1200,1600,78.32,40.22
People_212_h,People,212,h,Skeletons,3.67,6.57,1600,1200,54.08,60.34
People_213_v,People,213,v,Skin Disease,2.85,6.38,1200,1600,154.6,66.74
People_214_h,People,214,h,Skeletons,3.41,6.42,1600,1200,93.76,62.21
People_215_h,People,215,h,Disease,2.59,6.45,1600,1200,131.57,51.5
People_216_h,People,216,h,Surgery,2.7,7.1,1600,1200,87.96,64.32
People_217_h,People,217,h,Surgery,3.14,6.31,1600,1200,85.22,48.77
People_218_v,People,218,v,Mutilated Hand,1.84,7.52,1200,1600,104.11,62.03
People_220_h,People,220,h,Disease,1.98,7.49,1600,1200,142.14,56.59
People_221_h,People,221,h,Surgery,1.88,7.57,1600,1200,127.89,54.66
People_222_h,People,222,h,Hooked Skin,2.17,7.63,1600,1200,75.51,70.11
People_223_h,People,223,h,Surgery,3.18,6.61,1600,1200,127.47,65.91
People_224_h,People,224,h,Surgery,3.49,6.56,1600,1200,117.37,59.01
People_225_h,People,225,h,Dead Body,2.5,6.82,1600,1200,119.87,62.72
People_226_h,People,226,h,Accident,1.81,7.4,1600,1200,65.2,62.95
People_227_h,People,227,h,Burns,1.86,7.18,1600,1200,131.17,52.26
People_228_h,People,228,h,Surgery,3.71,6.69,1600,1200,96.62,61.28
People_229_h,People,229,h,Surgery,3.9,6.8,1600,1200,127.54,75.28
People_230_h,People,230,h,Surgery,3.43,6.6,1600,1200,82.71,78.38
People_231_h,People,231,h,Skeleton,4.1,6.16,1600,1200,121.47,53.89
People_232_h,People,232,h,Surgery,3.63,6.42,1600,1200,109.3,68.7
People_233_h,People,233,h,Dead Animal,2.47,6.92,1600,1200,107.43,59.28
People_234_h,People,234,h,Surgery,4.06,6.38,1600,1200,72.16,67.92
People_235_h,People,235,h,Dead Body,2.67,6.57,1600,1200,128.38,74.12
People_236_v,People,236,v,Skeletons,4.38,5.98,1200,1600,90.81,55.38
People_237_h,People,237,h,Face Skin,1.6,7.39,1600,1200,168.8,34.23
People_238_h,People,238,h,Dead Bodies,1.33,7.54,1600,1200,76.65,67.52
People_240_h,People,240,h,Skin Disease,1.82,7.05,1600,1200,174.12,71.92
People_241_h,People,241,h,Eye Disease,2.52,6.9,1600,1200,150.6,58.45
People_242_v,People,242,v,Dead Sheep,2.86,7.04,1200,1600,100.95,51.21
People_243_h,People,243,h,Eye Disease,2.84,6.82,1600,1200,125.43,58.86
People_245_v,People,245,v,Skin Disease,3.42,5.9,1200,1600,102.6,72.15
People_246_h,People,246,h,Black Eye,1.96,7.11,1600,1200,149.7,58.15
People_247_v,People,247,v,Ear Puncture,4.76,6.2,1200,1600,68.08,53.97
