ID,Category,ValenceM,ArousalM,ValenceLevel,ArousalLevel
Animals_002_v.jpg,Animals,3.2,3.55,Medium,High
Animals_003_h.jpg,Animals,2.45,3.45,Low,Medium
Animals_004_v.jpg,Animals,2.97,3.53,Medium,High
Animals_005_h.jpg,Animals,1.85,2.5,Low,Low
Animals_006_v.jpg,Animals,2.4,3.2,Low,Medium
Animals_007_h.jpg,Animals,3.5,3.2,Medium,Medium
Animals_009_v.jpg,Animals,3.48,3.48,Medium,Medium
Animals_011_h.jpg,Animals,3.0,3.61,Medium,High
Animals_012_h.jpg,Animals,2.0,3.55,Low,High
Animals_014_h.jpg,Animals,2.95,2.75,Medium,Medium
Animals_015_h.jpg,Animals,2.84,3.16,Medium,Medium
Animals_020_h.jpg,Animals,2.9,3.05,Medium,Medium
Animals_021_h.jpg,Animals,3.0,3.0,Medium,Medium
Animals_022_h.jpg,Animals,3.11,3.26,Medium,Medium
Animals_023_h.jpg,Animals,2.05,3.14,Low,Medium
Animals_026_h.jpg,Animals,2.13,3.27,Low,Medium
Animals_028_h.jpg,Animals,2.75,2.85,Medium,Medium
Animals_030_h.jpg,Animals,2.85,2.9,Medium,Medium
Animals_031_h.jpg,Animals,2.7,2.5,Medium,Low
Animals_034_h.jpg,Animals,2.7,2.95,Medium,Medium
Animals_035_h.jpg,Animals,3.0,2.61,Medium,Medium
Animals_036_h.jpg,Animals,3.5,3.25,Medium,Medium
Animals_037_h.jpg,Animals,2.14,2.48,Low,Low
Animals_040_v.jpg,Animals,2.07,3.1,Low,Medium
Animals_041_h.jpg,Animals,1.3,3.0,Low,Medium
Animals_042_h.jpg,Animals,1.95,2.3,Low,Low
Animals_043_h.jpg,Animals,2.53,3.63,Medium,High
Animals_044_h.jpg,Animals,1.78,2.45,Low,Low
Animals_046_h.jpg,Animals,3.22,3.0,Medium,Medium
Animals_050_h.jpg,Animals,3.1,2.81,Medium,Medium
Animals_051_h.jpg,Animals,2.5,2.8,Low,Medium
Animals_052_v.jpg,Animals,2.2,3.05,Low,Medium
Animals_053_h.jpg,Animals,4.0,3.3,High,Medium
Animals_055_h.jpg,Animals,4.1,4.0,High,High
Animals_058_h.jpg,Animals,2.67,3.19,Medium,Medium
Animals_059_h.jpg,Animals,2.76,2.95,Medium,Medium
Animals_061_h.jpg,Animals,3.2,2.75,Medium,Medium
Animals_065_h.jpg,Animals,2.05,2.95,Low,Medium
Animals_066_h.jpg,Animals,4.05,2.47,High,Low
Animals_069_h.jpg,Animals,1.67,3.97,Low,High
Animals_070_h.jpg,Animals,2.74,2.91,Medium,Medium
Animals_072_h.jpg,Animals,2.86,2.71,Medium,Medium
Animals_076_v.jpg,Animals,3.55,2.5,High,Low
Animals_079_h.jpg,Animals,3.45,3.45,Medium,Medium
Animals_080_h.jpg,Animals,4.19,3.0,High,Medium
Animals_081_h.jpg,Animals,2.45,2.45,Low,Low
Animals_082_h.jpg,Animals,2.86,1.9,Medium,Low
Animals_083_h.jpg,Animals,4.07,2.77,High,Medium
Animals_084_h.jpg,Animals,2.8,2.15,Medium,Low
Animals_085_h.jpg,Animals,3.91,3.22,High,Medium
Animals_086_v.jpg,Animals,4.43,2.57,High,Medium
Animals_087_h.jpg,Animals,2.86,2.74,Medium,Medium
Animals_088_h.jpg,Animals,4.15,2.4,High,Low
Animals_089_v.jpg,Animals,3.6,2.25,High,Low
Animals_090_h.jpg,Animals,4.55,3.55,High,High
Animals_091_h.jpg,Animals,4.15,2.35,High,Low
Animals_092_h.jpg,Animals,4.86,2.95,High,Medium
Animals_093_h.jpg,Animals,4.53,2.4,High,Low
Animals_094_h.jpg,Animals,2.85,3.1,Medium,Medium
Animals_095_h.jpg,Animals,4.5,2.33,High,Low
Animals_096_h.jpg,Animals,4.45,3.04,High,Medium
Animals_097_h.jpg,Animals,4.03,2.45,High,Low
Animals_098_h.jpg,Animals,4.35,3.6,High,High
Animals_099_h.jpg,Animals,4.15,3.0,High,Medium
Animals_100_h.jpg,Animals,4.7,2.57,High,Medium
Animals_101_v.jpg,Animals,4.9,2.97,High,Medium
Animals_102_h.jpg,Animals,4.38,3.33,High,Medium
Animals_103_h.jpg,Animals,4.22,3.26,High,Medium
Animals_104_h.jpg,Animals,4.15,2.85,High,Medium
Animals_105_h.jpg,Animals,3.65,3.0,High,Medium
Animals_106_h.jpg,Animals,3.61,2.87,High,Medium
Animals_107_h.jpg,Animals,2.67,2.41,Medium,Low
Animals_108_h.jpg,Animals,3.9,2.76,High,Medium
Animals_109_h.jpg,Animals,4.53,2.53,High,Medium
Animals_110_h.jpg,Animals,3.79,3.0,High,Medium
Animals_111_h.jpg,Animals,2.5,2.55,Low,Medium
Animals_112_v.jpg,Animals,2.63,2.26,Medium,Low
Animals_113_h.jpg,Animals,4.55,3.0,High,Medium
Animals_114_h.jpg,Animals,4.95,4.25,High,High
Animals_115_h.jpg,Animals,4.7,4.0,High,High
Animals_116_h.jpg,Animals,4.45,2.59,High,Medium
Animals_117_h.jpg,Animals,4.21,3.68,High,High
Animals_118_h.jpg,Animals,4.61,3.26,High,Medium
Animals_119_h.jpg,Animals,3.6,3.13,High,Medium
Animals_120_h.jpg,Animals,4.77,3.1,High,Medium
Animals_121_h.jpg,Animals,3.9,2.67,High,Medium
Animals_122_h.jpg,Animals,3.6,2.85,High,Medium
Animals_123_h.jpg,Animals,4.3,2.3,High,Low
Animals_124_v.jpg,Animals,3.6,3.3,High,Medium
Animals_125_h.jpg,Animals,4.2,3.4,High,Medium
Animals_126_h.jpg,Animals,3.9,3.07,High,Medium
Animals_127_h.jpg,Animals,2.53,2.47,Medium,Low
Animals_128_h.jpg,Animals,4.05,2.95,High,Medium
Animals_129_h.jpg,Animals,4.05,3.68,High,High
Animals_130_h.jpg,Animals,3.57,2.52,High,Medium
Animals_131_h.jpg,Animals,4.61,3.78,High,High
Animals_132_h.jpg,Animals,4.0,2.7,High,Medium
Animals_133_h.jpg,Animals,4.7,2.85,High,Medium
Animals_134_h.jpg,Animals,5.0,3.95,High,High
Animals_135_v.jpg,Animals,2.47,2.67,Low,Medium
Animals_136_h.jpg,Animals,4.71,2.62,High,Medium
Animals_137_h.jpg,Animals,4.53,2.68,High,Medium
Animals_138_h.jpg,Animals,2.83,2.61,Medium,Medium
Animals_139_h.jpg,Animals,3.13,2.63,Medium,Medium
Animals_140_h.jpg,Animals,4.67,2.93,High,Medium
Animals_141_h.jpg,Animals,2.67,3.07,Medium,Medium
Animals_142_h.jpg,Animals,2.65,2.85,Medium,Medium
Animals_143_h.jpg,Animals,2.9,2.55,Medium,Medium
Animals_144_h.jpg,Animals,3.91,3.04,High,Medium
Animals_145_h.jpg,Animals,2.84,3.53,Medium,High
Animals_146_h.jpg,Animals,3.9,3.3,High,Medium
Animals_147_v.jpg,Animals,4.0,3.2,High,Medium
Animals_148_h.jpg,Animals,4.33,3.52,High,High
Animals_149_v.jpg,Animals,4.53,2.63,High,Medium
Animals_151_v.jpg,Animals,2.09,2.39,Low,Low
Animals_152_h.jpg,Animals,4.19,2.19,High,Low
Animals_153_v.jpg,Animals,4.35,3.6,High,High
Animals_154_h.jpg,Animals,2.55,2.6,Medium,Medium
Animals_155_v.jpg,Animals,4.7,3.43,High,Medium
Animals_156_h.jpg,Animals,4.89,3.63,High,High
Animals_157_h.jpg,Animals,4.6,4.55,High,High
Animals_158_h.jpg,Animals,4.87,3.35,High,Medium
Animals_159_h.jpg,Animals,4.89,3.47,High,Medium
Animals_160_h.jpg,Animals,4.9,4.15,High,High
Animals_161_h.jpg,Animals,4.8,2.85,High,Medium
Animals_162_h.jpg,Animals,3.47,2.58,Medium,Medium
Animals_163_h.jpg,Animals,3.7,3.17,High,Medium
Animals_164_h.jpg,Animals,4.57,3.22,High,Medium
Animals_165_h.jpg,Animals,3.96,3.0,High,Medium
Animals_166_v.jpg,Animals,4.87,2.97,High,Medium
Animals_167_h.jpg,Animals,4.1,2.57,High,Medium
Animals_168_h.jpg,Animals,4.32,2.84,High,Medium
Animals_169_h.jpg,Animals,4.57,3.17,High,Medium
Animals_170_h.jpg,Animals,4.78,3.35,High,Medium
Animals_171_h.jpg,Animals,3.05,2.05,Medium,Low
Animals_172_h.jpg,Animals,4.85,3.05,High,Medium
Animals_173_h.jpg,Animals,4.78,3.52,High,High
Animals_174_h.jpg,Animals,3.85,2.85,High,Medium
Animals_175_h.jpg,Animals,4.85,4.0,High,High
Animals_176_h.jpg,Animals,3.96,3.13,High,Medium
Animals_177_h.jpg,Animals,4.57,3.0,High,Medium
Animals_178_v.jpg,Animals,4.53,2.89,High,Medium
Animals_179_h.jpg,Animals,4.7,2.75,High,Medium
Animals_180_h.jpg,Animals,4.85,3.95,High,High
Animals_181_h.jpg,Animals,4.0,2.33,High,Low
Animals_182_h.jpg,Animals,3.95,1.95,High,Low
Animals_183_h.jpg,Animals,4.7,4.25,High,High
Animals_184_h.jpg,Animals,3.68,2.68,High,Medium
Animals_185_h.jpg,Animals,3.5,2.45,Medium,Low
Animals_186_h.jpg,Animals,4.68,3.21,High,Medium
Animals_187_h.jpg,Animals,4.95,3.3,High,Medium
Animals_188_h.jpg,Animals,3.26,2.84,Medium,Medium
Animals_189_v.jpg,Animals,4.17,3.0,High,Medium
Animals_190_h.jpg,Animals,4.21,3.05,High,Medium
Animals_191_h.jpg,Animals,4.71,2.67,High,Medium
Animals_192_h.jpg,Animals,4.75,3.85,High,High
Animals_193_h.jpg,Animals,4.17,2.77,High,Medium
Animals_194_h.jpg,Animals,4.67,2.83,High,Medium
Animals_195_h.jpg,Animals,3.78,3.26,High,Medium
Animals_196_h.jpg,Animals,4.15,3.2,High,Medium
Animals_197_h.jpg,Animals,4.22,3.17,High,Medium
Animals_198_h.jpg,Animals,4.17,3.43,High,Medium
Animals_199_h.jpg,Animals,3.8,2.83,High,Medium
Animals_200_v.jpg,Animals,3.0,3.1,Medium,Medium
Animals_201_h.jpg,Animals,4.22,3.17,High,Medium
Animals_202_h.jpg,Animals,4.81,2.95,High,Medium
Animals_203_h.jpg,Animals,4.57,3.38,High,Medium
Animals_205_h.jpg,Animals,4.39,3.39,High,Medium
Animals_206_h.jpg,Animals,4.37,2.21,High,Low
Animals_208_h.jpg,Animals,4.65,3.3,High,Medium
Animals_209_h.jpg,Animals,4.2,2.68,High,Medium
Animals_210_v.jpg,Animals,4.95,3.9,High,High
Animals_211_h.jpg,Animals,3.15,2.85,Medium,Medium
Animals_212_v.jpg,Animals,4.23,2.87,High,Medium
Animals_213_h.jpg,Animals,4.39,3.06,High,Medium
Animals_214_h.jpg,Animals,3.85,2.45,High,Low
Animals_215_v.jpg,Animals,4.15,3.05,High,Medium
Animals_216_v.jpg,Animals,1.79,3.05,Low,Medium
Animals_217_h.jpg,Animals,2.89,1.95,Medium,Low
Animals_218_h.jpg,Animals,3.3,3.33,Medium,Medium
Animals_219_h.jpg,Animals,3.26,2.52,Medium,Medium
Animals_220_h.jpg,Animals,3.38,2.14,Medium,Low
Animals_221_h.jpg,Animals,2.3,2.4,Low,Low
Faces_001_h.jpg,Faces,4.73,2.7,High,Medium
Faces_002_v.jpg,Faces,3.96,2.78,High,Medium
Faces_004_h.jpg,Faces,4.6,2.75,High,Medium
Faces_005_h.jpg,Faces,3.26,2.53,Medium,Medium
Faces_006_h.jpg,Faces,2.14,2.05,Low,Low
Faces_008_h.jpg,Faces,3.11,2.95,Medium,Medium
Faces_011_h.jpg,Faces,1.37,2.58,Low,Medium
Faces_012_v.jpg,Faces,1.81,1.86,Low,Low
Faces_014_h.jpg,Faces,2.33,2.19,Low,Low
Faces_015_h.jpg,Faces,2.35,2.3,Low,Low
Faces_017_h.jpg,Faces,1.43,2.9,Low,Medium
Faces_020_h.jpg,Faces,3.9,2.75,High,Medium
Faces_021_h.jpg,Faces,2.55,2.3,Medium,Low
Faces_022_h.jpg,Faces,2.15,2.3,Low,Low
Faces_023_h.jpg,Faces,2.3,2.3,Low,Low
Faces_024_h.jpg,Faces,2.2,2.15,Low,Low
Faces_026_h.jpg,Faces,2.47,2.83,Low,Medium
Faces_030_h.jpg,Faces,3.0,2.38,Medium,Low
Faces_035_h.jpg,Faces,2.43,2.19,Low,Low
Faces_036_h.jpg,Faces,2.65,2.0,Medium,Low
Faces_037_h.jpg,Faces,2.57,2.09,Medium,Low
Faces_039_h.jpg,Faces,3.05,2.65,Medium,Medium
Faces_040_h.jpg,Faces,3.25,2.65,Medium,Medium
Faces_041_h.jpg,Faces,1.6,2.35,Low,Low
Faces_042_h.jpg,Faces,3.47,2.37,Medium,Low
Faces_043_v.jpg,Faces,3.05,2.79,Medium,Medium
Faces_044_h.jpg,Faces,3.16,1.84,Medium,Low
Faces_045_h.jpg,Faces,2.83,1.65,Medium,Low
Faces_046_h.jpg,Faces,2.52,1.87,Medium,Low
Faces_047_h.jpg,Faces,3.95,2.3,High,Low
Faces_048_h.jpg,Faces,4.0,2.35,High,Low
Faces_049_h.jpg,Faces,2.53,2.17,Medium,Low
Faces_050_h.jpg,Faces,3.35,2.78,Medium,Medium
Faces_051_h.jpg,Faces,4.0,2.3,High,Low
Faces_053_h.jpg,Faces,2.61,1.57,Medium,Low
Faces_054_v.jpg,Faces,2.4,1.8,Low,Low
Faces_055_h.jpg,Faces,2.5,2.6,Low,Medium
Faces_056_h.jpg,Faces,3.1,2.15,Medium,Low
Faces_057_h.jpg,Faces,2.7,2.4,Medium,Low
Faces_058_h.jpg,Faces,2.09,1.74,Low,Low
Faces_059_h.jpg,Faces,2.26,1.74,Low,Low
Faces_060_h.jpg,Faces,3.55,2.25,High,Low
Faces_061_h.jpg,Faces,4.73,2.7,High,Medium
Faces_062_v.jpg,Faces,3.24,2.24,Medium,Low
Faces_063_v.jpg,Faces,3.6,2.53,High,Medium
Faces_064_h.jpg,Faces,3.65,2.05,High,Low
Faces_065_h.jpg,Faces,3.3,1.75,Medium,Low
Faces_066_h.jpg,Faces,4.53,2.74,High,Medium
Faces_067_h.jpg,Faces,3.07,2.1,Medium,Low
Faces_068_h.jpg,Faces,3.45,2.3,Medium,Low
Faces_069_h.jpg,Faces,3.48,2.2,Medium,Low
Faces_070_v.jpg,Faces,3.14,2.43,Medium,Low
Faces_071_v.jpg,Faces,2.0,1.95,Low,Low
Faces_072_h.jpg,Faces,2.95,1.71,Medium,Low
Faces_073_v.jpg,Faces,3.52,2.96,High,Medium
Faces_074_h.jpg,Faces,2.79,1.58,Medium,Low
Faces_075_v.jpg,Faces,3.8,1.95,High,Low
Faces_076_h.jpg,Faces,2.48,1.96,Low,Low
Faces_077_v.jpg,Faces,3.4,2.47,Medium,Low
Faces_078_h.jpg,Faces,2.26,1.7,Low,Low
Faces_079_h.jpg,Faces,4.17,2.63,High,Medium
Faces_080_h.jpg,Faces,3.05,2.21,Medium,Low
Faces_081_v.jpg,Faces,3.0,2.0,Medium,Low
Faces_082_v.jpg,Faces,3.53,2.26,High,Low
Faces_083_h.jpg,Faces,2.17,2.27,Low,Low
Faces_084_v.jpg,Faces,4.35,2.35,High,Low
Faces_085_h.jpg,Faces,3.6,3.1,High,Medium
Faces_086_v.jpg,Faces,4.55,3.5,High,Medium
Faces_087_h.jpg,Faces,3.1,2.05,Medium,Low
Faces_088_v.jpg,Faces,2.57,2.83,Medium,Medium
Faces_089_h.jpg,Faces,4.81,2.38,High,Low
Faces_090_v.jpg,Faces,2.6,2.13,Medium,Low
Faces_091_v.jpg,Faces,3.58,2.79,High,Medium
Faces_092_h.jpg,Faces,3.55,2.3,High,Low
Faces_093_v.jpg,Faces,2.87,1.83,Medium,Low
Faces_094_h.jpg,Faces,3.95,2.76,High,Medium
Faces_095_h.jpg,Faces,3.0,2.5,Medium,Low
Faces_096_h.jpg,Faces,2.3,1.7,Low,Low
Faces_097_v.jpg,Faces,2.04,1.61,Low,Low
Faces_098_h.jpg,Faces,3.71,2.1,High,Low
Faces_099_h.jpg,Faces,2.93,2.2,Medium,Low
Faces_100_h.jpg,Faces,2.5,2.15,Low,Low
Faces_101_h.jpg,Faces,2.61,1.65,Medium,Low
Faces_102_h.jpg,Faces,3.25,2.0,Medium,Low
Faces_103_h.jpg,Faces,3.52,1.95,High,Low
Faces_105_h.jpg,Faces,3.4,2.4,Medium,Low
Faces_106_h.jpg,Faces,4.05,2.55,High,Medium
Faces_107_h.jpg,Faces,3.79,2.26,High,Low
Faces_108_h.jpg,Faces,4.29,2.33,High,Low
Faces_109_v.jpg,Faces,4.32,2.68,High,Medium
Faces_110_h.jpg,Faces,3.7,1.55,High,Low
Faces_111_h.jpg,Faces,3.3,2.45,Medium,Low
Faces_112_h.jpg,Faces,3.71,2.05,High,Low
Faces_113_h.jpg,Faces,3.42,2.11,Medium,Low
Faces_114_h.jpg,Faces,4.1,2.83,High,Medium
Faces_115_h.jpg,Faces,2.43,1.78,Low,Low
Faces_116_h.jpg,Faces,2.68,2.42,Medium,Low
Faces_117_h.jpg,Faces,2.45,2.0,Low,Low
Faces_118_h.jpg,Faces,3.05,2.32,Medium,Low
Faces_119_v.jpg,Faces,2.5,2.57,Low,Medium
Faces_120_h.jpg,Faces,2.74,1.74,Medium,Low
Faces_121_h.jpg,Faces,4.1,2.7,High,Medium
Faces_122_h.jpg,Faces,3.4,2.75,Medium,Medium
Faces_123_h.jpg,Faces,3.52,2.24,High,Low
Faces_124_h.jpg,Faces,3.52,1.71,High,Low
Faces_125_h.jpg,Faces,3.45,2.35,Medium,Low
Faces_126_h.jpg,Faces,3.8,2.6,High,Medium
Faces_127_h.jpg,Faces,3.55,2.35,High,Low
Faces_128_h.jpg,Faces,2.11,1.89,Low,Low
Faces_129_h.jpg,Faces,2.09,1.96,Low,Low
Faces_130_h.jpg,Faces,4.16,2.37,High,Low
Faces_131_v.jpg,Faces,3.15,2.1,Medium,Low
Faces_132_h.jpg,Faces,3.9,3.2,High,Medium
Faces_133_h.jpg,Faces,2.83,1.61,Medium,Low
Faces_134_h.jpg,Faces,4.29,2.62,High,Medium
Faces_135_h.jpg,Faces,3.2,2.45,Medium,Low
Faces_136_v.jpg,Faces,3.57,1.95,High,Low
Faces_137_h.jpg,Faces,4.35,2.95,High,Medium
Faces_138_h.jpg,Faces,2.23,2.53,Low,Medium
Faces_139_v.jpg,Faces,3.48,1.81,Medium,Low
Faces_140_h.jpg,Faces,3.85,2.7,High,Medium
Faces_142_h.jpg,Faces,2.35,1.65,Low,Low
Faces_144_h.jpg,Faces,2.05,2.05,Low,Low
Faces_146_h.jpg,Faces,2.15,1.85,Low,Low
Faces_148_h.jpg,Faces,1.61,2.43,Low,Low
Faces_150_h.jpg,Faces,1.48,2.33,Low,Low
Faces_152_h.jpg,Faces,1.95,2.05,Low,Low
Faces_154_h.jpg,Faces,2.15,1.85,Low,Low
Faces_155_h.jpg,Faces,2.3,2.0,Low,Low
Faces_156_h.jpg,Faces,2.25,2.5,Low,Low
Faces_157_h.jpg,Faces,2.4,1.9,Low,Low
Faces_158_h.jpg,Faces,2.09,2.0,Low,Low
Faces_161_h.jpg,Faces,1.86,2.19,Low,Low
Faces_162_h.jpg,Faces,2.9,1.85,Medium,Low
Faces_163_h.jpg,Faces,3.0,2.0,Medium,Low
Faces_164_h.jpg,Faces,2.17,1.7,Low,Low
Faces_165_v.jpg,Faces,2.48,1.81,Low,Low
Faces_166_h.jpg,Faces,2.17,2.57,Low,Medium
Faces_167_v.jpg,Faces,2.18,1.68,Low,Low
Faces_168_h.jpg,Faces,1.86,1.95,Low,Low
Faces_169_v.jpg,Faces,2.07,2.6,Low,Medium
Faces_171_v.jpg,Faces,1.9,1.95,Low,Low
Faces_172_h.jpg,Faces,1.63,2.26,Low,Low
Faces_173_v.jpg,Faces,1.67,2.87,Low,Medium
Faces_175_v.jpg,Faces,2.0,2.25,Low,Low
Faces_176_h.jpg,Faces,1.6,3.1,Low,Medium
Faces_177_v.jpg,Faces,3.0,3.16,Medium,Medium
Faces_178_h.jpg,Faces,3.65,2.3,High,Low
Faces_179_v.jpg,Faces,2.95,1.67,Medium,Low
Faces_180_h.jpg,Faces,2.47,1.58,Low,Low
Faces_181_v.jpg,Faces,2.77,2.6,Medium,Medium
Faces_182_h.jpg,Faces,2.67,2.43,Medium,Low
Faces_183_v.jpg,Faces,2.8,1.9,Medium,Low
Faces_184_h.jpg,Faces,3.52,1.81,High,Low
Faces_185_v.jpg,Faces,2.95,1.52,Medium,Low
Faces_186_h.jpg,Faces,3.05,2.05,Medium,Low
Faces_187_v.jpg,Faces,2.53,2.05,Medium,Low
Faces_188_h.jpg,Faces,3.1,1.85,Medium,Low
Faces_189_v.jpg,Faces,2.1,2.2,Low,Low
Faces_190_h.jpg,Faces,2.26,1.96,Low,Low
Faces_191_v.jpg,Faces,2.84,1.79,Medium,Low
Faces_192_h.jpg,Faces,2.43,1.43,Low,Low
Faces_193_v.jpg,Faces,2.97,1.97,Medium,Low
Faces_194_h.jpg,Faces,2.7,1.85,Medium,Low
Faces_195_v.jpg,Faces,2.0,1.75,Low,Low
Faces_196_h.jpg,Faces,2.3,1.61,Low,Low
Faces_197_v.jpg,Faces,2.26,1.61,Low,Low
Faces_198_h.jpg,Faces,2.4,1.9,Low,Low
Faces_199_v.jpg,Faces,2.11,1.58,Low,Low
Faces_200_h.jpg,Faces,3.1,1.81,Medium,Low
Faces_201_v.jpg,Faces,2.15,1.8,Low,Low
Faces_202_v.jpg,Faces,2.9,2.05,Medium,Low
Faces_203_h.jpg,Faces,3.45,2.2,Medium,Low
Faces_204_v.jpg,Faces,2.21,1.68,Low,Low
Faces_205_h.jpg,Faces,2.48,1.91,Low,Low
Faces_206_v.jpg,Faces,2.75,1.9,Medium,Low
Faces_207_h.jpg,Faces,2.32,1.95,Low,Low
Faces_208_h.jpg,Faces,3.0,2.05,Medium,Low
Faces_209_h.jpg,Faces,2.57,2.05,Medium,Low
Faces_210_h.jpg,Faces,2.6,2.63,Medium,Medium
Faces_211_h.jpg,Faces,2.6,2.2,Medium,Low
Faces_212_h.jpg,Faces,2.75,1.45,Medium,Low
Faces_213_v.jpg,Faces,2.79,1.84,Medium,Low
Faces_214_h.jpg,Faces,2.15,1.75,Low,Low
Faces_215_v.jpg,Faces,2.19,1.76,Low,Low
Faces_216_h.jpg,Faces,2.53,1.58,Medium,Low
Faces_217_v.jpg,Faces,2.0,1.52,Low,Low
Faces_218_h.jpg,Faces,2.37,1.75,Low,Low
Faces_219_v.jpg,Faces,2.8,2.17,Medium,Low
Faces_220_h.jpg,Faces,2.2,2.4,Low,Low
Faces_221_v.jpg,Faces,3.03,2.4,Medium,Low
Faces_222_h.jpg,Faces,2.09,1.43,Low,Low
Faces_223_v.jpg,Faces,2.47,2.17,Low,Low
Faces_224_h.jpg,Faces,2.87,2.57,Medium,Medium
Faces_225_v.jpg,Faces,2.1,2.77,Low,Medium
Faces_226_h.jpg,Faces,3.15,1.85,Medium,Low
Faces_227_v.jpg,Faces,3.2,2.35,Medium,Low
Faces_228_h.jpg,Faces,2.77,2.63,Medium,Medium
Faces_229_v.jpg,Faces,3.1,1.76,Medium,Low
Faces_230_h.jpg,Faces,2.09,2.05,Low,Low
Faces_231_v.jpg,Faces,3.4,1.8,Medium,Low
Faces_232_h.jpg,Faces,3.86,1.95,High,Low
Faces_233_v.jpg,Faces,3.05,2.05,Medium,Low
Faces_234_h.jpg,Faces,2.53,2.6,Medium,Medium
Faces_235_v.jpg,Faces,2.13,1.7,Low,Low
Faces_236_h.jpg,Faces,2.09,1.61,Low,Low
Faces_237_v.jpg,Faces,1.96,1.26,Low,Low
Faces_238_h.jpg,Faces,2.43,1.48,Low,Low
Faces_239_v.jpg,Faces,3.05,1.9,Medium,Low
Faces_240_h.jpg,Faces,3.5,3.05,Medium,Medium
Faces_241_v.jpg,Faces,2.55,2.3,Medium,Low
Faces_242_h.jpg,Faces,3.29,1.48,Medium,Low
Faces_243_v.jpg,Faces,3.33,1.81,Medium,Low
Faces_244_h.jpg,Faces,2.15,1.8,Low,Low
Faces_245_v.jpg,Faces,2.16,1.58,Low,Low
Faces_246_v.jpg,Faces,3.19,1.86,Medium,Low
Faces_247_h.jpg,Faces,2.86,1.57,Medium,Low
Faces_248_v.jpg,Faces,4.0,1.71,High,Low
Faces_249_v.jpg,Faces,2.9,2.37,Medium,Low
Faces_250_h.jpg,Faces,2.95,1.67,Medium,Low
Faces_251_v.jpg,Faces,1.7,1.8,Low,Low
Faces_252_h.jpg,Faces,2.39,1.78,Low,Low
Faces_253_v.jpg,Faces,3.24,2.1,Medium,Low
Faces_254_h.jpg,Faces,3.05,1.74,Medium,Low
Faces_255_v.jpg,Faces,1.9,2.8,Low,Medium
Faces_256_h.jpg,Faces,3.48,2.0,Medium,Low
Faces_257_v.jpg,Faces,2.9,1.55,Medium,Low
Faces_258_h.jpg,Faces,3.14,2.1,Medium,Low
Faces_259_v.jpg,Faces,2.42,1.61,Low,Low
Faces_260_h.jpg,Faces,3.0,1.8,Medium,Low
Faces_261_v.jpg,Faces,2.58,2.05,Medium,Low
Faces_262_h.jpg,Faces,3.45,2.25,Medium,Low
Faces_263_v.jpg,Faces,3.0,2.53,Medium,Medium
Faces_267_v.jpg,Faces,3.58,1.68,High,Low
Faces_276_h.jpg,Faces,2.3,1.7,Low,Low
Faces_277_h.jpg,Faces,3.35,3.3,Medium,Medium
Faces_278_h.jpg,Faces,2.32,1.58,Low,Low
Faces_279_h.jpg,Faces,1.74,1.84,Low,Low
Faces_281_h.jpg,Faces,2.67,2.05,Medium,Low
Faces_282_h.jpg,Faces,4.37,3.16,High,Medium
Faces_283_h.jpg,Faces,2.25,3.25,Low,Medium
Faces_285_h.jpg,Faces,1.87,2.37,Low,Low
Faces_286_h.jpg,Faces,4.11,3.11,High,Medium
Faces_287_h.jpg,Faces,2.67,2.14,Medium,Low
Faces_288_h.jpg,Faces,2.29,1.76,Low,Low
Faces_289_h.jpg,Faces,3.11,2.53,Medium,Medium
Faces_290_h.jpg,Faces,2.0,2.42,Low,Low
Faces_294_h.jpg,Faces,1.74,2.11,Low,Low
Faces_295_h.jpg,Faces,4.21,3.53,High,High
Faces_296_h.jpg,Faces,2.57,1.62,Medium,Low
Faces_297_h.jpg,Faces,3.68,2.95,High,Medium
Faces_299_h.jpg,Faces,3.6,2.87,High,Medium
Faces_301_h.jpg,Faces,2.09,1.39,Low,Low
Faces_302_h.jpg,Faces,2.35,2.09,Low,Low
Faces_303_h.jpg,Faces,2.45,2.25,Low,Low
Faces_304_h.jpg,Faces,2.8,2.05,Medium,Low
Faces_305_h.jpg,Faces,2.55,2.4,Medium,Low
Faces_306_v.jpg,Faces,2.75,2.05,Medium,Low
Faces_307_v.jpg,Faces,3.19,1.57,Medium,Low
Faces_308_h.jpg,Faces,3.05,1.95,Medium,Low
Faces_309_h.jpg,Faces,3.29,2.05,Medium,Low
Faces_310_v.jpg,Faces,2.8,2.45,Medium,Low
Faces_311_h.jpg,Faces,3.25,1.8,Medium,Low
Faces_312_h.jpg,Faces,2.26,1.53,Low,Low
Faces_313_h.jpg,Faces,3.9,2.23,High,Low
Faces_314_h.jpg,Faces,2.96,2.48,Medium,Low
Faces_315_h.jpg,Faces,3.33,1.62,Medium,Low
Faces_316_h.jpg,Faces,2.68,1.74,Medium,Low
Faces_317_v.jpg,Faces,2.39,1.48,Low,Low
Faces_318_v.jpg,Faces,2.35,1.52,Low,Low
Faces_319_v.jpg,Faces,2.67,2.37,Medium,Low
Faces_320_v.jpg,Faces,2.6,2.15,Medium,Low
Faces_321_h.jpg,Faces,4.45,2.95,High,Medium
Faces_322_v.jpg,Faces,2.35,2.2,Low,Low
Faces_323_h.jpg,Faces,3.35,2.05,Medium,Low
Faces_324_h.jpg,Faces,3.07,2.27,Medium,Low
Faces_325_v.jpg,Faces,3.38,1.86,Medium,Low
Faces_326_h.jpg,Faces,3.33,1.76,Medium,Low
Faces_327_v.jpg,Faces,2.58,1.89,Medium,Low
Faces_328_v.jpg,Faces,3.95,1.76,High,Low
Faces_329_h.jpg,Faces,3.09,1.5,Medium,Low
Faces_331_h.jpg,Faces,3.19,1.38,Medium,Low
Faces_332_v.jpg,Faces,2.45,2.25,Low,Low
Faces_333_h.jpg,Faces,3.48,1.71,Medium,Low
Faces_334_h.jpg,Faces,3.24,1.81,Medium,Low
Faces_335_h.jpg,Faces,2.82,1.83,Medium,Low
Faces_336_h.jpg,Faces,2.7,2.53,Medium,Medium
Faces_337_h.jpg,Faces,2.73,2.03,Medium,Low
Faces_338_h.jpg,Faces,3.24,1.33,Medium,Low
Faces_339_h.jpg,Faces,2.79,1.84,Medium,Low
Faces_340_h.jpg,Faces,3.17,1.95,Medium,Low
Faces_341_h.jpg,Faces,3.29,1.62,Medium,Low
Faces_342_h.jpg,Faces,3.75,2.8,High,Medium
Faces_343_h.jpg,Faces,2.39,1.95,Low,Low
Faces_344_h.jpg,Faces,3.84,2.58,High,Medium
Faces_346_v.jpg,Faces,2.26,1.53,Low,Low
Faces_347_h.jpg,Faces,3.3,2.52,Medium,Medium
Faces_348_h.jpg,Faces,3.2,2.95,Medium,Medium
Faces_349_h.jpg,Faces,3.15,2.65,Medium,Medium
Faces_350_h.jpg,Faces,2.7,2.2,Medium,Low
Faces_351_h.jpg,Faces,3.53,2.28,High,Low
Faces_352_h.jpg,Faces,4.21,2.79,High,Medium
Faces_353_h.jpg,Faces,3.0,2.37,Medium,Low
Faces_354_v.jpg,Faces,3.95,2.95,High,Medium
Faces_355_h.jpg,Faces,3.0,2.11,Medium,Low
Faces_356_h.jpg,Faces,2.45,2.45,Low,Low
Faces_357_v.jpg,Faces,3.0,2.16,Medium,Low
Faces_358_h.jpg,Faces,2.7,2.25,Medium,Low
Faces_359_h.jpg,Faces,2.33,2.57,Low,Medium
Faces_360_v.jpg,Faces,2.78,1.83,Medium,Low
Faces_361_v.jpg,Faces,2.3,1.85,Low,Low
Faces_370_h.jpg,Faces,1.9,2.63,Low,Medium
Faces_372_h.jpg,Faces,1.61,2.5,Low,Low
Landscapes_003_v.jpg,Landscapes,2.42,2.26,Low,Low
Landscapes_004_h.jpg,Landscapes,2.35,1.74,Low,Low
Landscapes_005_h.jpg,Landscapes,2.42,3.0,Low,Medium
Landscapes_006_h.jpg,Landscapes,2.95,1.86,Medium,Low
Landscapes_007_h.jpg,Landscapes,2.1,2.2,Low,Low
Landscapes_008_h.jpg,Landscapes,4.3,3.45,High,Medium
Landscapes_009_h.jpg,Landscapes,4.57,2.57,High,Medium
Landscapes_010_h.jpg,Landscapes,2.47,2.16,Low,Low
Landscapes_011_h.jpg,Landscapes,1.9,2.35,Low,Low
Landscapes_012_h.jpg,Landscapes,2.63,2.47,Medium,Low
Landscapes_013_v.jpg,Landscapes,2.05,2.25,Low,Low
Landscapes_014_h.jpg,Landscapes,2.33,2.29,Low,Low
Landscapes_015_h.jpg,Landscapes,3.17,2.8,Medium,Medium
Landscapes_016_h.jpg,Landscapes,3.57,1.71,High,Low
Landscapes_017_h.jpg,Landscapes,4.13,2.78,High,Medium
Landscapes_018_h.jpg,Landscapes,3.48,2.0,Medium,Low
Landscapes_019_h.jpg,Landscapes,3.35,2.57,Medium,Medium
Landscapes_020_h.jpg,Landscapes,2.68,1.84,Medium,Low
Landscapes_021_h.jpg,Landscapes,3.84,2.37,High,Low
Landscapes_022_h.jpg,Landscapes,1.8,2.45,Low,Low
Landscapes_023_h.jpg,Landscapes,4.4,3.55,High,High
Landscapes_024_v.jpg,Landscapes,2.79,1.79,Medium,Low
Landscapes_025_h.jpg,Landscapes,2.57,2.17,Medium,Low
Landscapes_026_h.jpg,Landscapes,2.2,2.45,Low,Low
Landscapes_027_v.jpg,Landscapes,2.43,1.78,Low,Low
Landscapes_028_h.jpg,Landscapes,3.09,1.91,Medium,Low
Landscapes_029_v.jpg,Landscapes,2.55,2.45,Medium,Low
Landscapes_030_v.jpg,Landscapes,2.74,1.63,Medium,Low
Landscapes_031_h.jpg,Landscapes,3.17,2.17,Medium,Low
Landscapes_032_v.jpg,Landscapes,2.67,1.52,Medium,Low
Landscapes_033_h.jpg,Landscapes,2.25,2.4,Low,Low
Landscapes_034_h.jpg,Landscapes,4.05,3.4,High,Medium
Landscapes_035_v.jpg,Landscapes,4.0,2.57,High,Medium
Landscapes_036_h.jpg,Landscapes,3.0,2.18,Medium,Low
Landscapes_037_v.jpg,Landscapes,3.13,2.5,Medium,Low
Landscapes_038_h.jpg,Landscapes,3.45,2.75,Medium,Medium
Landscapes_039_v.jpg,Landscapes,2.71,2.38,Medium,Low
Landscapes_040_h.jpg,Landscapes,2.85,1.9,Medium,Low
Landscapes_041_h.jpg,Landscapes,4.4,2.9,High,Medium
Landscapes_042_h.jpg,Landscapes,4.37,2.3,High,Low
Landscapes_043_h.jpg,Landscapes,3.35,2.43,Medium,Low
Landscapes_044_h.jpg,Landscapes,3.0,2.4,Medium,Low
Landscapes_045_h.jpg,Landscapes,2.17,1.74,Low,Low
Landscapes_046_h.jpg,Landscapes,3.25,1.8,Medium,Low
Landscapes_047_v.jpg,Landscapes,3.76,1.81,High,Low
Landscapes_048_h.jpg,Landscapes,3.95,2.5,High,Low
Landscapes_049_h.jpg,Landscapes,3.0,2.32,Medium,Low
Landscapes_050_h.jpg,Landscapes,3.43,2.48,Medium,Low
Landscapes_051_h.jpg,Landscapes,3.5,2.7,Medium,Medium
Landscapes_052_h.jpg,Landscapes,3.47,2.26,Medium,Low
Landscapes_053_h.jpg,Landscapes,4.65,3.0,High,Medium
Landscapes_054_h.jpg,Landscapes,4.71,3.14,High,Medium
Landscapes_055_h.jpg,Landscapes,2.86,1.62,Medium,Low
Landscapes_056_h.jpg,Landscapes,3.52,2.87,High,Medium
Landscapes_057_h.jpg,Landscapes,3.95,3.2,High,Medium
Landscapes_058_h.jpg,Landscapes,1.87,2.43,Low,Low
Landscapes_059_v.jpg,Landscapes,4.17,2.6,High,Medium
Landscapes_060_h.jpg,Landscapes,3.38,1.67,Medium,Low
Landscapes_061_h.jpg,Landscapes,2.53,2.11,Medium,Low
Landscapes_062_h.jpg,Landscapes,4.67,2.48,High,Low
Landscapes_063_h.jpg,Landscapes,4.27,2.77,High,Medium
Landscapes_064_h.jpg,Landscapes,4.17,3.39,High,Medium
Landscapes_065_h.jpg,Landscapes,3.55,2.25,High,Low
Landscapes_066_h.jpg,Landscapes,3.14,2.1,Medium,Low
Landscapes_067_h.jpg,Landscapes,3.05,1.81,Medium,Low
Landscapes_068_h.jpg,Landscapes,2.11,2.11,Low,Low
Landscapes_069_v.jpg,Landscapes,2.6,2.15,Medium,Low
Landscapes_070_h.jpg,Landscapes,2.0,2.25,Low,Low
Landscapes_071_h.jpg,Landscapes,3.95,2.0,High,Low
Landscapes_072_h.jpg,Landscapes,3.35,2.48,Medium,Low
Landscapes_073_h.jpg,Landscapes,4.6,2.93,High,Medium
Landscapes_074_h.jpg,Landscapes,2.3,2.0,Low,Low
Landscapes_075_h.jpg,Landscapes,3.0,2.26,Medium,Low
Landscapes_076_h.jpg,Landscapes,2.53,2.21,Medium,Low
Landscapes_077_v.jpg,Landscapes,3.11,3.0,Medium,Medium
Landscapes_078_h.jpg,Landscapes,3.15,2.0,Medium,Low
Landscapes_079_v.jpg,Landscapes,2.9,2.1,Medium,Low
Landscapes_080_h.jpg,Landscapes,3.0,1.95,Medium,Low
Landscapes_081_h.jpg,Landscapes,2.57,1.71,Medium,Low
Landscapes_082_v.jpg,Landscapes,4.0,1.95,High,Low
Landscapes_083_h.jpg,Landscapes,3.41,2.55,Medium,Medium
Landscapes_084_v.jpg,Landscapes,4.0,2.18,High,Low
Landscapes_085_h.jpg,Landscapes,3.43,2.17,Medium,Low
Landscapes_086_v.jpg,Landscapes,4.0,2.74,High,Medium
Landscapes_087_h.jpg,Landscapes,4.5,3.4,High,Medium
Landscapes_088_v.jpg,Landscapes,3.68,2.26,High,Low
Landscapes_089_h.jpg,Landscapes,3.95,2.42,High,Low
Landscapes_090_h.jpg,Landscapes,3.47,2.0,Medium,Low
Landscapes_091_h.jpg,Landscapes,3.09,1.5,Medium,Low
Landscapes_092_h.jpg,Landscapes,3.77,2.57,High,Medium
Landscapes_093_h.jpg,Landscapes,4.0,3.25,High,Medium
Landscapes_094_h.jpg,Landscapes,4.55,3.65,High,High
Landscapes_095_h.jpg,Landscapes,3.27,2.27,Medium,Low
Landscapes_096_h.jpg,Landscapes,4.11,2.58,High,Medium
Landscapes_097_v.jpg,Landscapes,4.35,3.4,High,Medium
Landscapes_098_h.jpg,Landscapes,4.77,2.7,High,Medium
Landscapes_099_v.jpg,Landscapes,4.15,3.55,High,High
Landscapes_100_h.jpg,Landscapes,3.9,2.9,High,Medium
Landscapes_101_v.jpg,Landscapes,3.68,1.95,High,Low
Landscapes_102_h.jpg,Landscapes,3.86,2.77,High,Medium
Landscapes_103_v.jpg,Landscapes,4.32,2.58,High,Medium
Landscapes_104_h.jpg,Landscapes,4.14,2.18,High,Low
Landscapes_105_v.jpg,Landscapes,4.16,2.63,High,Medium
Landscapes_106_v.jpg,Landscapes,4.67,2.73,High,Medium
Landscapes_107_h.jpg,Landscapes,3.68,2.63,High,Medium
Landscapes_108_v.jpg,Landscapes,4.47,2.53,High,Medium
Landscapes_109_h.jpg,Landscapes,3.79,2.47,High,Low
Landscapes_110_v.jpg,Landscapes,3.59,2.32,High,Low
Landscapes_111_h.jpg,Landscapes,4.6,2.8,High,Medium
Landscapes_112_v.jpg,Landscapes,4.2,2.65,High,Medium
Landscapes_113_h.jpg,Landscapes,4.55,2.91,High,Medium
Landscapes_114_v.jpg,Landscapes,4.14,2.68,High,Medium
Landscapes_115_v.jpg,Landscapes,4.7,2.93,High,Medium
Landscapes_116_v.jpg,Landscapes,4.65,2.95,High,Medium
Landscapes_117_h.jpg,Landscapes,3.55,2.3,High,Low
Landscapes_118_v.jpg,Landscapes,2.3,2.85,Low,Medium
Landscapes_119_h.jpg,Landscapes,4.25,2.25,High,Low
Landscapes_120_v.jpg,Landscapes,3.75,2.7,High,Medium
Landscapes_121_h.jpg,Landscapes,4.7,3.4,High,Medium
Landscapes_122_v.jpg,Landscapes,4.26,2.74,High,Medium
Landscapes_123_h.jpg,Landscapes,4.6,3.15,High,Medium
Landscapes_124_h.jpg,Landscapes,4.5,2.77,High,Medium
Landscapes_125_h.jpg,Landscapes,4.47,2.84,High,Medium
Landscapes_126_h.jpg,Landscapes,3.68,2.07,High,Low
Landscapes_127_h.jpg,Landscapes,4.0,2.8,High,Medium
Landscapes_128_h.jpg,Landscapes,3.77,2.41,High,Low
Landscapes_129_v.jpg,Landscapes,2.05,2.1,Low,Low
Landscapes_130_h.jpg,Landscapes,3.36,2.39,Medium,Low
Landscapes_131_h.jpg,Landscapes,3.95,2.65,High,Medium
Landscapes_132_h.jpg,Landscapes,4.1,2.35,High,Low
Landscapes_133_h.jpg,Landscapes,4.15,2.65,High,Medium
Landscapes_134_h.jpg,Landscapes,3.9,3.15,High,Medium
Landscapes_135_h.jpg,Landscapes,2.71,3.0,Medium,Medium
Landscapes_136_h.jpg,Landscapes,4.3,3.1,High,Medium
Landscapes_137_h.jpg,Landscapes,4.14,2.64,High,Medium
Landscapes_138_h.jpg,Landscapes,4.5,2.18,High,Low
Landscapes_139_h.jpg,Landscapes,1.95,2.14,Low,Low
Landscapes_140_v.jpg,Landscapes,4.7,3.45,High,Medium
Landscapes_141_h.jpg,Landscapes,4.0,3.4,High,Medium
Landscapes_142_h.jpg,Landscapes,4.23,3.27,High,Medium
Landscapes_143_h.jpg,Landscapes,3.96,2.7,High,Medium
Landscapes_144_h.jpg,Landscapes,2.95,2.4,Medium,Low
Landscapes_145_h.jpg,Landscapes,3.45,3.05,Medium,Medium
Landscapes_146_h.jpg,Landscapes,4.2,2.85,High,Medium
Landscapes_147_h.jpg,Landscapes,4.25,3.0,High,Medium
Landscapes_148_h.jpg,Landscapes,3.32,2.57,Medium,Medium
Landscapes_149_h.jpg,Landscapes,3.25,2.4,Medium,Low
Landscapes_150_v.jpg,Landscapes,4.4,2.2,High,Low
Landscapes_151_h.jpg,Landscapes,4.0,2.91,High,Medium
Landscapes_152_h.jpg,Landscapes,4.32,2.64,High,Medium
Landscapes_153_h.jpg,Landscapes,3.89,2.07,High,Low
Landscapes_154_h.jpg,Landscapes,4.61,2.54,High,Medium
Landscapes_155_h.jpg,Landscapes,3.35,2.65,Medium,Medium
Landscapes_156_h.jpg,Landscapes,3.85,3.3,High,Medium
Landscapes_157_h.jpg,Landscapes,4.18,3.32,High,Medium
Landscapes_158_h.jpg,Landscapes,3.77,2.32,High,Low
Landscapes_159_h.jpg,Landscapes,3.35,3.2,Medium,Medium
Landscapes_160_v.jpg,Landscapes,2.9,2.05,Medium,Low
Landscapes_161_h.jpg,Landscapes,4.29,2.11,High,Low
Landscapes_162_h.jpg,Landscapes,4.05,2.9,High,Medium
Landscapes_163_h.jpg,Landscapes,3.65,2.8,High,Medium
Landscapes_164_h.jpg,Landscapes,4.3,2.7,High,Medium
Landscapes_165_h.jpg,Landscapes,4.57,2.36,High,Low
Landscapes_166_h.jpg,Landscapes,4.3,2.8,High,Medium
Landscapes_167_h.jpg,Landscapes,2.85,2.25,Medium,Low
Landscapes_168_h.jpg,Landscapes,4.7,3.45,High,Medium
Landscapes_169_h.jpg,Landscapes,4.23,3.23,High,Medium
Landscapes_170_h.jpg,Landscapes,2.65,2.35,Medium,Low
Landscapes_171_v.jpg,Landscapes,4.05,2.75,High,Medium
Landscapes_172_h.jpg,Landscapes,3.3,1.75,Medium,Low
Landscapes_173_h.jpg,Landscapes,4.29,2.96,High,Medium
Landscapes_174_h.jpg,Landscapes,4.25,2.75,High,Medium
Landscapes_175_h.jpg,Landscapes,3.55,2.5,High,Low
Landscapes_176_h.jpg,Landscapes,4.53,2.95,High,Medium
Landscapes_177_h.jpg,Landscapes,3.15,2.9,Medium,Medium
Landscapes_178_h.jpg,Landscapes,4.2,3.6,High,High
Landscapes_179_h.jpg,Landscapes,4.14,2.86,High,Medium
Landscapes_180_h.jpg,Landscapes,4.68,2.82,High,Medium
Landscapes_181_h.jpg,Landscapes,3.5,2.45,Medium,Low
Landscapes_182_v.jpg,Landscapes,2.8,2.7,Medium,Medium
Landscapes_183_h.jpg,Landscapes,4.73,3.05,High,Medium
Landscapes_184_h.jpg,Landscapes,4.23,2.09,High,Low
Landscapes_185_v.jpg,Landscapes,4.5,3.15,High,Medium
Objects_002_h.jpg,Objects,3.32,2.79,Medium,Medium
Objects_003_h.jpg,Objects,1.45,2.8,Low,Medium
Objects_004_h.jpg,Objects,1.4,2.7,Low,Medium
Objects_008_h.jpg,Objects,2.45,2.23,Low,Low
Objects_009_h.jpg,Objects,2.95,2.85,Medium,Medium
Objects_010_h.jpg,Objects,2.5,2.32,Low,Low
Objects_011_h.jpg,Objects,2.4,2.0,Low,Low
Objects_014_h.jpg,Objects,3.15,2.05,Medium,Low
Objects_016_h.jpg,Objects,2.7,2.9,Medium,Medium
Objects_020_h.jpg,Objects,2.3,1.85,Low,Low
Objects_022_h.jpg,Objects,2.2,2.25,Low,Low
Objects_024_v.jpg,Objects,3.15,2.25,Medium,Low
Objects_025_h.jpg,Objects,4.6,3.0,High,Medium
Objects_026_v.jpg,Objects,2.25,2.05,Low,Low
Objects_028_v.jpg,Objects,2.2,2.35,Low,Low
Objects_029_h.jpg,Objects,3.91,2.86,High,Medium
Objects_030_v.jpg,Objects,3.14,2.73,Medium,Medium
Objects_031_h.jpg,Objects,3.9,3.05,High,Medium
Objects_032_v.jpg,Objects,4.4,3.05,High,Medium
Objects_033_h.jpg,Objects,4.14,2.86,High,Medium
Objects_034_v.jpg,Objects,1.96,3.0,Low,Medium
Objects_035_h.jpg,Objects,2.05,1.82,Low,Low
Objects_036_v.jpg,Objects,2.5,1.86,Low,Low
Objects_037_h.jpg,Objects,4.18,2.77,High,Medium
Objects_038_v.jpg,Objects,3.15,2.44,Medium,Low
Objects_039_h.jpg,Objects,2.27,2.27,Low,Low
Objects_040_v.jpg,Objects,2.8,1.85,Medium,Low
Objects_041_h.jpg,Objects,4.35,2.85,High,Medium
Objects_042_h.jpg,Objects,3.61,3.0,High,Medium
Objects_043_h.jpg,Objects,2.95,2.23,Medium,Low
Objects_044_v.jpg,Objects,2.59,1.82,Medium,Low
Objects_045_h.jpg,Objects,3.09,2.09,Medium,Low
Objects_046_h.jpg,Objects,4.32,2.82,High,Medium
Objects_047_h.jpg,Objects,1.9,2.05,Low,Low
Objects_048_h.jpg,Objects,2.96,2.46,Medium,Low
Objects_049_h.jpg,Objects,3.6,2.84,High,Medium
Objects_050_h.jpg,Objects,2.15,2.35,Low,Low
Objects_051_h.jpg,Objects,2.3,2.95,Low,Medium
Objects_052_h.jpg,Objects,2.55,1.91,Medium,Low
Objects_053_h.jpg,Objects,1.46,3.21,Low,Medium
Objects_054_h.jpg,Objects,3.25,2.75,Medium,Medium
Objects_056_h.jpg,Objects,2.41,1.45,Low,Low
Objects_057_h.jpg,Objects,2.36,2.14,Low,Low
Objects_058_h.jpg,Objects,3.45,2.09,Medium,Low
Objects_059_h.jpg,Objects,2.68,1.68,Medium,Low
Objects_060_h.jpg,Objects,2.32,2.75,Low,Medium
Objects_061_h.jpg,Objects,3.32,2.79,Medium,Medium
Objects_062_h.jpg,Objects,3.32,2.86,Medium,Medium
Objects_063_v.jpg,Objects,1.91,2.0,Low,Low
Objects_064_v.jpg,Objects,3.35,2.63,Medium,Medium
Objects_065_h.jpg,Objects,1.55,1.9,Low,Low
Objects_066_v.jpg,Objects,2.95,2.14,Medium,Low
Objects_067_h.jpg,Objects,3.55,2.7,High,Medium
Objects_068_v.jpg,Objects,1.55,1.85,Low,Low
Objects_069_h.jpg,Objects,4.1,2.95,High,Medium
Objects_070_v.jpg,Objects,3.68,2.82,High,Medium
Objects_071_h.jpg,Objects,2.82,1.95,Medium,Low
Objects_072_v.jpg,Objects,2.35,2.7,Low,Medium
Objects_073_h.jpg,Objects,2.95,2.4,Medium,Low
Objects_074_v.jpg,Objects,4.05,2.85,High,Medium
Objects_075_h.jpg,Objects,4.15,3.4,High,Medium
Objects_076_v.jpg,Objects,3.89,2.86,High,Medium
Objects_077_h.jpg,Objects,4.45,2.36,High,Low
Objects_078_h.jpg,Objects,2.65,2.95,Medium,Medium
Objects_079_h.jpg,Objects,3.6,2.95,High,Medium
Objects_080_h.jpg,Objects,4.86,2.95,High,Medium
Objects_081_h.jpg,Objects,3.8,2.75,High,Medium
Objects_082_h.jpg,Objects,3.75,3.6,High,High
Objects_083_h.jpg,Objects,3.7,3.1,High,Medium
Objects_084_v.jpg,Objects,4.32,2.25,High,Low
Objects_085_h.jpg,Objects,4.5,3.65,High,High
Objects_086_h.jpg,Objects,4.1,2.8,High,Medium
Objects_088_h.jpg,Objects,1.77,2.0,Low,Low
Objects_089_h.jpg,Objects,2.7,2.95,Medium,Medium
Objects_090_h.jpg,Objects,2.73,2.05,Medium,Low
Objects_091_h.jpg,Objects,3.4,2.55,Medium,Medium
Objects_092_v.jpg,Objects,3.45,2.6,Medium,Medium
Objects_093_h.jpg,Objects,2.11,2.75,Low,Medium
Objects_094_v.jpg,Objects,2.68,2.63,Medium,Medium
Objects_095_h.jpg,Objects,3.64,2.77,High,Medium
Objects_096_v.jpg,Objects,3.75,2.75,High,Medium
Objects_097_h.jpg,Objects,2.86,2.18,Medium,Low
Objects_099_h.jpg,Objects,1.79,1.85,Low,Low
Objects_100_v.jpg,Objects,2.6,2.7,Medium,Medium
Objects_101_h.jpg,Objects,2.45,2.25,Low,Low
Objects_102_v.jpg,Objects,4.1,3.1,High,Medium
Objects_104_v.jpg,Objects,2.5,3.1,Low,Medium
Objects_106_v.jpg,Objects,2.86,1.77,Medium,Low
Objects_107_h.jpg,Objects,3.05,2.9,Medium,Medium
Objects_108_v.jpg,Objects,2.45,2.05,Low,Low
Objects_109_h.jpg,Objects,2.0,1.91,Low,Low
Objects_110_v.jpg,Objects,1.54,3.21,Low,Medium
Objects_111_h.jpg,Objects,1.6,2.3,Low,Low
Objects_112_h.jpg,Objects,3.05,2.05,Medium,Low
Objects_113_h.jpg,Objects,2.5,2.05,Low,Low
Objects_114_h.jpg,Objects,2.1,1.65,Low,Low
Objects_116_v.jpg,Objects,2.25,2.82,Low,Medium
Objects_117_h.jpg,Objects,2.64,2.32,Medium,Low
Objects_120_h.jpg,Objects,2.71,2.38,Medium,Low
Objects_122_h.jpg,Objects,1.95,2.32,Low,Low
Objects_123_h.jpg,Objects,2.75,2.4,Medium,Low
Objects_124_h.jpg,Objects,2.45,2.38,Low,Low
Objects_125_h.jpg,Objects,1.64,2.14,Low,Low
Objects_128_h.jpg,Objects,2.11,2.57,Low,Medium
Objects_129_h.jpg,Objects,2.5,2.4,Low,Low
Objects_130_h.jpg,Objects,3.0,2.3,Medium,Low
Objects_133_h.jpg,Objects,2.91,2.55,Medium,Medium
Objects_134_h.jpg,Objects,2.2,2.1,Low,Low
Objects_135_h.jpg,Objects,3.05,1.82,Medium,Low
Objects_136_h.jpg,Objects,2.4,2.2,Low,Low
Objects_138_h.jpg,Objects,2.82,2.32,Medium,Low
Objects_140_h.jpg,Objects,3.27,2.27,Medium,Low
Objects_141_h.jpg,Objects,2.07,2.54,Low,Medium
Objects_142_h.jpg,Objects,2.05,1.95,Low,Low
Objects_144_h.jpg,Objects,2.0,3.04,Low,Medium
Objects_146_h.jpg,Objects,2.65,1.95,Medium,Low
Objects_150_h.jpg,Objects,3.09,2.18,Medium,Low
Objects_151_h.jpg,Objects,2.82,1.95,Medium,Low
Objects_152_v.jpg,Objects,2.45,2.35,Low,Low
Objects_153_h.jpg,Objects,1.7,1.45,Low,Low
Objects_155_h.jpg,Objects,2.32,1.77,Low,Low
Objects_156_v.jpg,Objects,2.9,1.7,Medium,Low
Objects_157_h.jpg,Objects,1.8,1.65,Low,Low
Objects_158_h.jpg,Objects,2.05,2.41,Low,Low
Objects_159_v.jpg,Objects,2.05,1.6,Low,Low
Objects_160_h.jpg,Objects,2.86,2.91,Medium,Medium
Objects_161_v.jpg,Objects,2.55,1.95,Medium,Low
Objects_162_h.jpg,Objects,2.29,2.29,Low,Low
Objects_163_v.jpg,Objects,2.36,2.43,Low,Low
Objects_164_h.jpg,Objects,2.39,2.54,Low,Medium
Objects_165_v.jpg,Objects,2.96,2.61,Medium,Medium
Objects_166_h.jpg,Objects,3.68,2.38,High,Low
Objects_167_v.jpg,Objects,3.36,1.86,Medium,Low
Objects_168_v.jpg,Objects,2.7,2.25,Medium,Low
Objects_169_h.jpg,Objects,3.59,2.73,High,Medium
Objects_170_v.jpg,Objects,2.41,2.0,Low,Low
Objects_171_h.jpg,Objects,3.82,2.32,High,Low
Objects_172_v.jpg,Objects,4.0,2.36,High,Low
Objects_173_h.jpg,Objects,2.3,1.7,Low,Low
Objects_174_v.jpg,Objects,2.86,2.0,Medium,Low
Objects_175_h.jpg,Objects,2.5,2.14,Low,Low
Objects_176_v.jpg,Objects,3.35,2.15,Medium,Low
Objects_177_h.jpg,Objects,2.4,2.1,Low,Low
Objects_178_v.jpg,Objects,3.4,2.35,Medium,Low
Objects_179_h.jpg,Objects,2.81,2.61,Medium,Medium
Objects_180_v.jpg,Objects,3.5,2.27,Medium,Low
Objects_181_h.jpg,Objects,2.47,1.95,Low,Low
Objects_182_v.jpg,Objects,1.65,1.55,Low,Low
Objects_183_h.jpg,Objects,3.09,1.64,Medium,Low
Objects_184_v.jpg,Objects,2.23,2.0,Low,Low
Objects_185_h.jpg,Objects,2.82,2.32,Medium,Low
Objects_186_v.jpg,Objects,3.15,2.15,Medium,Low
Objects_187_h.jpg,Objects,3.36,2.32,Medium,Low
Objects_188_v.jpg,Objects,2.09,2.0,Low,Low
Objects_189_h.jpg,Objects,2.7,1.8,Medium,Low
Objects_190_h.jpg,Objects,4.73,3.05,High,Medium
Objects_191_v.jpg,Objects,3.64,2.0,High,Low
Objects_192_h.jpg,Objects,3.55,2.74,High,Medium
Objects_193_v.jpg,Objects,3.7,2.85,High,Medium
Objects_194_h.jpg,Objects,3.15,2.45,Medium,Low
Objects_195_v.jpg,Objects,3.95,1.86,High,Low
Objects_196_h.jpg,Objects,3.35,2.4,Medium,Low
Objects_197_v.jpg,Objects,2.64,1.86,Medium,Low
Objects_198_h.jpg,Objects,4.5,2.8,High,Medium
Objects_199_v.jpg,Objects,3.61,2.39,High,Low
Objects_200_h.jpg,Objects,2.5,1.8,Low,Low
Objects_201_v.jpg,Objects,2.54,2.07,Medium,Low
Objects_202_h.jpg,Objects,3.5,3.05,Medium,Medium
Objects_203_v.jpg,Objects,2.61,2.18,Medium,Low
Objects_204_h.jpg,Objects,2.55,1.74,Medium,Low
Objects_205_h.jpg,Objects,4.89,2.71,High,Medium
Objects_206_h.jpg,Objects,1.5,1.65,Low,Low
Objects_207_h.jpg,Objects,2.4,2.0,Low,Low
Objects_208_h.jpg,Objects,3.25,2.4,Medium,Low
Objects_209_h.jpg,Objects,3.29,2.04,Medium,Low
Objects_210_h.jpg,Objects,3.4,2.65,Medium,Medium
Objects_211_h.jpg,Objects,3.05,2.0,Medium,Low
Objects_212_h.jpg,Objects,2.45,2.25,Low,Low
Objects_213_h.jpg,Objects,3.35,2.75,Medium,Medium
Objects_214_h.jpg,Objects,3.64,2.32,High,Low
Objects_215_v.jpg,Objects,2.45,2.75,Low,Medium
Objects_216_h.jpg,Objects,2.32,2.54,Low,Medium
Objects_217_h.jpg,Objects,4.05,2.75,High,Medium
Objects_218_h.jpg,Objects,1.5,2.65,Low,Medium
Objects_219_h.jpg,Objects,3.0,2.64,Medium,Medium
Objects_220_h.jpg,Objects,3.32,2.0,Medium,Low
Objects_221_h.jpg,Objects,2.45,1.85,Low,Low
Objects_222_h.jpg,Objects,2.05,1.85,Low,Low
Objects_223_h.jpg,Objects,2.68,1.95,Medium,Low
Objects_224_h.jpg,Objects,2.79,2.46,Medium,Low
Objects_225_h.jpg,Objects,2.39,2.54,Low,Medium
Objects_226_h.jpg,Objects,3.05,2.5,Medium,Low
Objects_227_v.jpg,Objects,2.6,1.8,Medium,Low
Objects_228_h.jpg,Objects,2.3,2.25,Low,Low
Objects_229_h.jpg,Objects,2.05,2.3,Low,Low
Objects_230_h.jpg,Objects,3.3,2.8,Medium,Medium
Objects_231_h.jpg,Objects,2.43,2.43,Low,Low
Objects_232_h.jpg,Objects,2.11,2.63,Low,Medium
Objects_233_h.jpg,Objects,2.3,2.55,Low,Medium
Objects_234_h.jpg,Objects,2.14,2.68,Low,Medium
Objects_235_h.jpg,Objects,2.32,2.64,Low,Medium
Objects_236_h.jpg,Objects,2.23,1.73,Low,Low
Objects_237_h.jpg,Objects,3.35,2.37,Medium,Low
Objects_238_h.jpg,Objects,2.1,1.6,Low,Low
Objects_239_v.jpg,Objects,3.79,3.26,High,Medium
Objects_240_h.jpg,Objects,3.85,2.95,High,Medium
Objects_241_h.jpg,Objects,3.86,2.0,High,Low
Objects_242_h.jpg,Objects,2.5,1.73,Low,Low
Objects_243_h.jpg,Objects,2.65,2.25,Medium,Low
Objects_244_h.jpg,Objects,3.25,2.75,Medium,Medium
Objects_245_h.jpg,Objects,4.0,3.0,High,Medium
Objects_246_h.jpg,Objects,3.5,3.05,Medium,Medium
Objects_247_h.jpg,Objects,4.4,3.4,High,Medium
Objects_248_h.jpg,Objects,1.9,1.65,Low,Low
Objects_249_v.jpg,Objects,2.15,1.45,Low,Low
Objects_250_h.jpg,Objects,3.59,1.91,High,Low
Objects_251_v.jpg,Objects,2.64,2.54,Medium,Medium
Objects_252_h.jpg,Objects,2.1,1.5,Low,Low
Objects_253_v.jpg,Objects,2.82,1.68,Medium,Low
Objects_254_h.jpg,Objects,3.85,2.65,High,Medium
Objects_255_v.jpg,Objects,3.1,2.6,Medium,Medium
Objects_256_h.jpg,Objects,3.0,2.75,Medium,Medium
Objects_257_h.jpg,Objects,3.75,2.32,High,Low
Objects_258_h.jpg,Objects,3.75,1.78,High,Low
Objects_259_h.jpg,Objects,3.65,2.85,High,Medium
Objects_260_h.jpg,Objects,4.18,2.82,High,Medium
Objects_261_h.jpg,Objects,3.73,2.55,High,Medium
Objects_262_h.jpg,Objects,4.55,3.95,High,High
Objects_263_h.jpg,Objects,4.15,2.75,High,Medium
Objects_264_v.jpg,Objects,3.91,2.64,High,Medium
Objects_265_h.jpg,Objects,3.95,2.8,High,Medium
Objects_266_h.jpg,Objects,4.36,2.23,High,Low
Objects_267_v.jpg,Objects,2.75,2.1,Medium,Low
Objects_268_h.jpg,Objects,2.45,1.9,Low,Low
Objects_269_h.jpg,Objects,2.91,2.36,Medium,Low
Objects_270_h.jpg,Objects,3.73,2.32,High,Low
Objects_271_h.jpg,Objects,2.8,2.3,Medium,Low
Objects_272_h.jpg,Objects,2.75,2.45,Medium,Low
Objects_273_h.jpg,Objects,3.86,2.73,High,Medium
Objects_274_h.jpg,Objects,4.09,3.18,High,Medium
Objects_275_v.jpg,Objects,2.18,1.73,Low,Low
Objects_276_h.jpg,Objects,4.14,2.91,High,Medium
Objects_277_h.jpg,Objects,1.8,1.55,Low,Low
Objects_278_h.jpg,Objects,3.32,2.18,Medium,Low
Objects_279_h.jpg,Objects,4.0,2.9,High,Medium
Objects_280_v.jpg,Objects,3.32,2.09,Medium,Low
Objects_281_h.jpg,Objects,2.45,1.4,Low,Low
Objects_282_h.jpg,Objects,2.05,1.73,Low,Low
Objects_283_h.jpg,Objects,3.2,2.9,Medium,Medium
Objects_284_h.jpg,Objects,3.73,2.77,High,Medium
Objects_286_h.jpg,Objects,2.68,2.09,Medium,Low
Objects_287_h.jpg,Objects,2.35,2.1,Low,Low
Objects_288_h.jpg,Objects,3.59,2.36,High,Low
Objects_289_h.jpg,Objects,4.05,2.41,High,Low
Objects_290_h.jpg,Objects,4.4,3.15,High,Medium
Objects_291_h.jpg,Objects,4.32,3.45,High,Medium
Objects_292_h.jpg,Objects,3.85,2.95,High,Medium
Objects_293_h.jpg,Objects,2.93,2.54,Medium,Medium
Objects_294_h.jpg,Objects,3.67,2.67,High,Medium
Objects_295_h.jpg,Objects,2.91,1.5,Medium,Low
Objects_296_h.jpg,Objects,3.27,2.23,Medium,Low
Objects_297_h.jpg,Objects,3.9,2.85,High,Medium
Objects_298_h.jpg,Objects,3.14,2.14,Medium,Low
Objects_299_h.jpg,Objects,3.41,2.23,Medium,Low
Objects_300_h.jpg,Objects,4.18,2.43,High,Low
Objects_301_h.jpg,Objects,4.82,2.75,High,Medium
Objects_302_h.jpg,Objects,3.45,2.23,Medium,Low
Objects_303_h.jpg,Objects,3.35,2.15,Medium,Low
Objects_304_h.jpg,Objects,3.7,3.2,High,Medium
Objects_305_h.jpg,Objects,3.64,2.91,High,Medium
Objects_306_h.jpg,Objects,3.9,2.9,High,Medium
Objects_307_v.jpg,Objects,2.57,2.07,Medium,Low
Objects_308_h.jpg,Objects,3.3,2.8,Medium,Medium
Objects_309_h.jpg,Objects,3.7,3.1,High,Medium
Objects_310_h.jpg,Objects,4.0,2.27,High,Low
Objects_311_h.jpg,Objects,3.1,2.25,Medium,Low
Objects_312_h.jpg,Objects,4.29,2.29,High,Low
Objects_313_h.jpg,Objects,3.2,2.85,Medium,Medium
Objects_314_h.jpg,Objects,2.59,2.0,Medium,Low
Objects_315_h.jpg,Objects,3.41,2.32,Medium,Low
Objects_316_h.jpg,Objects,3.3,2.85,Medium,Medium
Objects_317_h.jpg,Objects,4.23,2.64,High,Medium
Objects_318_h.jpg,Objects,2.91,1.91,Medium,Low
Objects_319_h.jpg,Objects,4.3,3.2,High,Medium
Objects_320_h.jpg,Objects,3.82,2.14,High,Low
Objects_321_h.jpg,Objects,3.9,3.1,High,Medium
Objects_322_h.jpg,Objects,4.23,3.05,High,Medium
Objects_323_h.jpg,Objects,4.59,2.59,High,Medium
Objects_324_h.jpg,Objects,4.71,2.54,High,Medium
Objects_325_h.jpg,Objects,4.0,2.9,High,Medium
Objects_326_h.jpg,Objects,4.14,2.18,High,Low
Objects_327_h.jpg,Objects,3.7,3.05,High,Medium
People_001_h.jpg,People,1.39,2.82,Low,Medium
People_004_h.jpg,People,2.05,2.42,Low,Low
People_005_h.jpg,People,3.85,3.2,High,Medium
People_006_h.jpg,People,3.25,3.2,Medium,Medium
People_008_h.jpg,People,2.5,2.32,Low,Low
People_009_h.jpg,People,2.05,2.4,Low,Low
People_011_h.jpg,People,2.8,1.95,Medium,Low
People_012_h.jpg,People,2.11,2.86,Low,Medium
People_014_h.jpg,People,3.15,2.75,Medium,Medium
People_015_h.jpg,People,2.86,1.86,Medium,Low
People_016_h.jpg,People,2.9,2.6,Medium,Medium
People_017_h.jpg,People,3.14,2.73,Medium,Medium
People_018_h.jpg,People,3.14,3.11,Medium,Medium
People_021_h.jpg,People,3.2,2.8,Medium,Medium
People_026_h.jpg,People,4.5,2.39,High,Low
People_027_h.jpg,People,2.95,2.6,Medium,Medium
People_028_h.jpg,People,3.25,2.68,Medium,Medium
People_029_h.jpg,People,4.16,3.74,High,High
People_030_h.jpg,People,3.89,3.26,High,Medium
People_032_h.jpg,People,2.18,2.86,Low,Medium
People_033_h.jpg,People,1.63,1.95,Low,Low
People_035_h.jpg,People,1.6,1.9,Low,Low
People_041_h.jpg,People,3.54,2.21,High,Low
People_043_h.jpg,People,2.77,1.95,Medium,Low
People_044_h.jpg,People,4.8,2.85,High,Medium
People_045_h.jpg,People,2.05,1.9,Low,Low
People_046_h.jpg,People,3.16,2.53,Medium,Medium
People_047_h.jpg,People,3.6,2.25,High,Low
People_048_h.jpg,People,3.8,2.75,High,Medium
People_049_h.jpg,People,3.25,2.29,Medium,Low
People_050_v.jpg,People,4.21,2.25,High,Low
People_051_h.jpg,People,4.5,3.23,High,Medium
People_052_h.jpg,People,4.93,2.5,High,Low
People_054_h.jpg,People,4.45,3.45,High,Medium
People_055_h.jpg,People,4.25,3.25,High,Medium
People_056_h.jpg,People,2.95,1.91,Medium,Low
People_061_h.jpg,People,3.11,2.74,Medium,Medium
People_063_h.jpg,People,2.8,2.2,Medium,Low
People_065_h.jpg,People,3.14,2.11,Medium,Low
People_066_v.jpg,People,2.61,2.61,Medium,Medium
People_067_h.jpg,People,3.3,2.85,Medium,Medium
People_068_h.jpg,People,3.11,2.74,Medium,Medium
People_069_h.jpg,People,2.57,2.43,Medium,Low
People_078_v.jpg,People,2.95,1.95,Medium,Low
People_080_h.jpg,People,1.46,2.71,Low,Medium
People_081_v.jpg,People,2.73,2.55,Medium,Medium
People_082_h.jpg,People,2.54,2.25,Medium,Low
People_083_h.jpg,People,1.95,2.15,Low,Low
People_085_h.jpg,People,2.59,1.64,Medium,Low
People_087_h.jpg,People,1.57,2.68,Low,Medium
People_089_h.jpg,People,3.14,1.96,Medium,Low
People_090_v.jpg,People,2.15,3.1,Low,Medium
People_091_h.jpg,People,3.36,2.41,Medium,Low
People_092_v.jpg,People,3.73,2.36,High,Low
People_093_h.jpg,People,3.37,2.79,Medium,Medium
People_094_h.jpg,People,2.05,1.68,Low,Low
People_095_h.jpg,People,2.32,1.64,Low,Low
People_096_h.jpg,People,4.05,2.82,High,Medium
People_097_h.jpg,People,2.73,1.59,Medium,Low
People_098_h.jpg,People,4.1,3.6,High,High
People_099_h.jpg,People,4.42,3.42,High,Medium
People_100_h.jpg,People,4.21,2.5,High,Low
People_101_h.jpg,People,3.2,3.0,Medium,Medium
People_102_h.jpg,People,3.71,2.04,High,Low
People_103_h.jpg,People,4.05,2.65,High,Medium
People_104_h.jpg,People,2.8,2.7,Medium,Medium
People_105_h.jpg,People,2.73,1.77,Medium,Low
People_106_v.jpg,People,3.14,2.09,Medium,Low
People_107_h.jpg,People,4.37,2.84,High,Medium
People_108_h.jpg,People,4.54,2.32,High,Low
People_109_h.jpg,People,2.95,2.21,Medium,Low
People_110_h.jpg,People,4.27,2.14,High,Low
People_111_h.jpg,People,4.45,2.59,High,Medium
People_112_h.jpg,People,3.53,2.74,High,Medium
People_113_h.jpg,People,4.26,2.68,High,Medium
People_114_h.jpg,People,3.2,2.95,Medium,Medium
People_115_h.jpg,People,3.47,2.68,Medium,Medium
People_116_h.jpg,People,4.3,3.1,High,Medium
People_117_h.jpg,People,3.05,1.77,Medium,Low
People_118_h.jpg,People,2.05,1.5,Low,Low
People_119_h.jpg,People,1.47,1.74,Low,Low
People_120_h.jpg,People,1.68,1.89,Low,Low
People_121_h.jpg,People,2.05,1.41,Low,Low
People_122_h.jpg,People,1.89,2.68,Low,Medium
People_123_h.jpg,People,2.95,2.79,Medium,Medium
People_125_h.jpg,People,1.57,2.71,Low,Medium
People_126_h.jpg,People,2.25,2.35,Low,Low
People_130_h.jpg,People,4.68,2.25,High,Low
People_131_h.jpg,People,3.3,3.4,Medium,Medium
People_132_h.jpg,People,3.4,2.9,Medium,Medium
People_133_h.jpg,People,2.64,2.09,Medium,Low
People_134_h.jpg,People,2.68,1.45,Medium,Low
People_135_h.jpg,People,1.68,2.64,Low,Medium
People_136_h.jpg,People,1.95,2.3,Low,Low
People_137_h.jpg,People,2.64,1.64,Medium,Low
People_138_h.jpg,People,3.15,2.45,Medium,Low
People_139_h.jpg,People,3.3,2.9,Medium,Medium
People_141_h.jpg,People,2.21,2.11,Low,Low
People_142_h.jpg,People,1.8,2.0,Low,Low
People_143_h.jpg,People,1.2,2.15,Low,Low
People_144_h.jpg,People,1.65,2.05,Low,Low
People_145_h.jpg,People,1.85,1.85,Low,Low
People_146_h.jpg,People,2.5,2.25,Low,Low
People_148_h.jpg,People,3.09,1.95,Medium,Low
People_149_h.jpg,People,2.59,2.0,Medium,Low
People_150_h.jpg,People,2.47,1.47,Low,Low
People_151_h.jpg,People,3.8,2.45,High,Low
People_152_h.jpg,People,3.63,2.68,High,Medium
People_153_h.jpg,People,4.18,2.55,High,Medium
People_154_h.jpg,People,3.55,2.5,High,Low
People_156_h.jpg,People,1.63,1.58,Low,Low
People_157_h.jpg,People,4.23,1.91,High,Low
People_158_h.jpg,People,3.65,2.75,High,Medium
People_159_h.jpg,People,2.45,2.1,Low,Low
People_160_h.jpg,People,4.41,2.82,High,Medium
People_161_h.jpg,People,4.11,3.21,High,Medium
People_162_h.jpg,People,2.95,1.84,Medium,Low
People_163_v.jpg,People,2.8,2.55,Medium,Medium
People_164_h.jpg,People,2.5,1.59,Low,Low
People_165_v.jpg,People,2.9,2.05,Medium,Low
People_166_h.jpg,People,3.18,1.86,Medium,Low
People_167_h.jpg,People,3.45,2.35,Medium,Low
People_168_h.jpg,People,3.64,2.55,High,Medium
People_169_h.jpg,People,3.0,2.0,Medium,Low
People_170_v.jpg,People,2.0,2.26,Low,Low
People_171_v.jpg,People,3.61,2.07,High,Low
People_172_v.jpg,People,3.86,2.76,High,Medium
People_173_h.jpg,People,3.68,2.05,High,Low
People_174_v.jpg,People,3.18,1.91,Medium,Low
People_175_h.jpg,People,3.75,3.3,High,Medium
People_176_h.jpg,People,3.59,2.76,High,Medium
People_177_h.jpg,People,4.18,2.78,High,Medium
People_178_h.jpg,People,3.82,2.59,High,Medium
People_179_h.jpg,People,4.05,2.9,High,Medium
People_180_h.jpg,People,3.91,2.68,High,Medium
People_182_h.jpg,People,3.8,3.2,High,Medium
People_183_h.jpg,People,3.65,3.41,High,Medium
People_184_h.jpg,People,2.0,2.43,Low,Low
People_185_h.jpg,People,4.14,2.41,High,Low
People_186_h.jpg,People,4.14,2.18,High,Low
People_187_h.jpg,People,4.18,2.41,High,Low
People_188_h.jpg,People,4.6,3.6,High,High
People_189_h.jpg,People,4.5,2.82,High,Medium
People_190_h.jpg,People,4.82,2.95,High,Medium
People_191_h.jpg,People,3.7,2.8,High,Medium
People_192_h.jpg,People,3.71,2.59,High,Medium
People_193_h.jpg,People,4.55,3.14,High,Medium
People_194_h.jpg,People,2.86,1.91,Medium,Low
People_195_h.jpg,People,3.0,2.29,Medium,Low
People_196_h.jpg,People,4.23,2.86,High,Medium
People_210_h.jpg,People,2.09,2.0,Low,Low
People_219_h.jpg,People,2.36,1.91,Low,Low
People_239_h.jpg,People,1.41,2.06,Low,Low
People_244_v.jpg,People,2.27,2.41,Low,Low
People_248_h.jpg,People,4.15,3.2,High,Medium
People_249_h.jpg,People,3.68,2.32,High,Low
People_250_h.jpg,People,3.5,2.35,Medium,Low
